ACTIVE,ADDRESS,ADDRESS2,ASSET,BKCLASS,CALLFORM,CB,CBSA,CBSA_DIV,CBSA_DIV_FLG,CBSA_DIV_NO,CBSA_METRO,CBSA_METRO_FLG,CBSA_METRO_NAME,CBSA_MICRO_FLG,CBSA_NO,CERT,CFPBEFFDTE,CFPBENDDTE,CFPBFLAG,CHARTER,CHRTAGNT,CITY,CITYHCR,CLCODE,CONSERVE,COUNTY,CSA,CSA_FLG,CSA_NO,DATEUPDT,DENOVO,DEP,DEPDOM,DOCKET,EFFDATE,ENDEFYMD,EQ,ESTYMD,FDICDBS,FDICREGN,FDICSUPV,FED,FEDCHRTR,FED_RSSD,FORM31,HCTMULT,IBA,ID,INACTIVE,INSAGNT1,INSAGNT2,INSBIF,INSCOML,INSDATE,INSDIF,INSFDIC,INSSAIF,INSSAVE,INSTAG,INSTCRCD,LATITUDE,LAW_SASSER_FLG,LONGITUDE,MDI_STATUS_CODE,MDI_STATUS_DESC,MUTUAL,NAME,NAMEHCR,NETINC,NETINCQ,NEWCERT,OAKAR,OCCDIST,OFFDOM,OFFFOR,OFFICES,OFFOA,OI,PARCERT,PRIORNAME1,PROCDATE,QBPRCOML,REGAGENT2,REGAGNT,REPDTE,RISDATE,ROA,ROAPTX,ROAPTXQ,ROAQ,ROE,ROEQ,RSSDHCR,RUNDATE,S10T250B,SASSER,SPECGRP,SPECGRPN,STALP,STALPHCR,STCHRTR,STCNTY,STNAME,STNUM,SUBCHAPS,SUPRV_FD,SZ100,SZ100T1B,SZ1BT10B,SZ250BP,TE01N528,TE01N529,TE02N528,TE02N529,TE03N528,TE03N529,TE04N528,TE04N529,TE05N528,TE05N529,TE06N528,TE06N529,TE07N528,TE08N528,TE09N528,TE10N528,TRACT,TRUST,ULTCERT,UNINUM,WEBADDR,ZIP,PRIORNAME2,OCCDISTDESC,PRIORNAME3,CHANGEC1,CHANGEC2,PRIORNAME4,PRIORNAME5,PRIORNAME6,PRIORNAME7,CHANGEC3
1,100 N Michigan St Ste B,,9110853,SM,41,0,"South Bend-Mishawaka, IN-MI",,0,,43780,1,"South Bend-Mishawaka, IN-MI",0,43780,9087,12/31/9999,12/31/9999,0,0,STATE,South Bend,SOUTH BEND,13,N,St. Joseph,"South Bend-Elkhart-Mishawaka, IN-MI",1,515,8/31/2022,0,7228098,7228098,10250,8/31/2022,12/31/9999,1232524,1/1/1922,9,Chicago,Chicago,7,0,991340,0,,0,9087,0,DIF,,0,1,1/1/1934,1,1,0,0,0,0,41.676828,N,-86.24981704,,NONE,0,1st Source Bank,1ST SOURCE CORP,41528,41528,0,0,,81,0,81,0,0,0,First Bank and Trust Company of South Bend,8/31/2022,3,,FED,3/31/2026,3/31/2026,1.829074088,2.346110803,2.35,1.83,13.55,13.55,1199602,6/26/2026,0,0,4,Commercial Lending Specialization,IN,IN,1,18141,Indiana,18,0,9,0,0,1,0,,,,,,,,,,,,,,,,,1,10,9087,5818,www.1stsource.com,46601,,,,,,,,,,
1,4800 Fashion Square Blvd,,484231,NM,51,1,"Saginaw, MI",,0,,40980,1,"Saginaw, MI",0,40980,57626,12/31/9999,12/31/9999,0,0,STATE,Saginaw,SAGINAW,21,N,Saginaw,"Saginaw-Midland-Bay City, MI",1,474,8/31/2022,0,424929,424929,0,8/31/2022,12/31/9999,57161,4/12/2004,9,Chicago,Chicago,7,0,3223305,0,,0,57626,0,DIF,,0,1,4/12/2004,1,1,0,0,0,0,43.47691798,N,-83.96962396,,NONE,0,1st State Bank,1ST STATE FINANCIAL LTD,1651,1651,0,0,,5,0,5,0,0,0,,8/31/2022,3,,FDIC,3/31/2026,3/31/2026,1.369143073,1.720758253,1.72,1.37,11.62,11.62,3223293,6/26/2026,0,0,4,Commercial Lending Specialization,MI,MI,1,26145,Michigan,26,0,9,0,1,0,0,,,,,,,,,,,,,,,,,0,0,57626,418761,www.1ststate.bank,48604,,,,,,,,,,
1,10564 Coy St,,317891,NM,51,1,,,,,0,,,,,17622,12/31/9999,12/31/9999,0,0,STATE,Alden,,21,N,Antrim,,,,10/24/2022,0,276287,276287,12071,10/9/2022,12/31/9999,39513,1/1/1934,9,Chicago,Chicago,7,0,388744,0,,0,17622,0,DIF,,0,1,6/22/1956,1,1,0,0,0,0,44.88004698,N,-85.27705099,,NONE,0,Alden State Bank,,1341,1341,0,0,,4,0,4,0,0,0,,10/24/2022,3,,FDIC,3/31/2026,3/31/2026,1.698078265,2.183062587,2.18,1.7,13.72,13.72,,6/26/2026,0,0,5,Mortgage Lending Specialization,MI,,1,26009,Michigan,26,0,9,0,1,0,0,,,,,,,,,,,,,,,,,0,0,17622,11593,www.alden.bank,49612,,,,,,,,,,
1,417 S Main St,,159724,SM,51,1,"Jackson, MI",,0,,27100,1,"Jackson, MI",0,27100,1008,12/31/9999,12/31/9999,0,0,STATE,Brooklyn,ANN ARBOR,13,N,Jackson,,0,,8/31/2022,0,133330,133330,0,8/31/2022,12/31/9999,19003,10/1/1907,9,Chicago,Chicago,7,0,382742,0,,0,1008,0,DIF,,0,1,1/1/1934,1,1,0,0,0,0,42.09762699,N,-84.24716302,,NONE,0,Bank Michigan,BANK MICHIGAN FINANCIAL CORP,176,176,0,0,,3,0,3,0,0,0,OSB Community Bank,8/31/2022,3,,FED,3/31/2026,3/31/2026,0.449453984,0.574586059,0.57,0.45,3.71,3.71,5620971,6/26/2026,0,0,4,Commercial Lending Specialization,MI,MI,1,26075,Michigan,26,0,9,0,1,0,0,,,,,,,,,,,,,,,,,0,0,1008,667,http://www.bankmichigan.bank,49230,The Onsted State Bank,,,,,,,,,
1,100 N Tryon St,,2672192000,N,31,0,"Charlotte-Concord-Gastonia, NC-SC",,0,,16740,1,"Charlotte-Concord-Gastonia, NC-SC",0,16740,3510,7/21/2011,12/31/9999,1,13044,OCC,Charlotte,CHARLOTTE,3,N,Mecklenburg,"Charlotte-Concord, NC-SC",1,172,8/31/2022,0,2128004000,1991308000,0,8/31/2022,12/31/9999,241710000,10/17/1904,5,Atlanta,Washington,5,1,480228,1,1,0,3510,0,DIF,,0,1,1/1/1934,1,1,0,0,0,0,35.22701499,N,-80.84204503,,NONE,0,"Bank of America, National Association",BANK OF AMERICA CORP,7417000,7417000,0,0,6,3610,229,3830,0,0,0,Bank of America National Trust and Savings Association,8/31/2022,2,,OCC,3/31/2026,3/31/2026,1.117646117,1.401841961,1.4,1.12,12.16,12.16,1073757,6/26/2026,0,0,9,All Other Over 1 Billion,NC,NC,0,37119,North Carolina,37,0,16,0,0,0,1,www.ml.com,Bank of America,www.merrilledge.com,Bank of America Merrill Lynch,www.mymerrill.com,BofA,privatebank.bankofamerica.com,BofAML,promo.bankofamerica.com,Merrill,secure.bankofamerica.com,Merrill Lynch,about.bankofamerica.com,promotions.bankofamerica.com,benefits.ml.com,olui2.fs.ml.com,1,10,3510,2238,www.bankofamerica.com,28202,,,,,,,,,,
1,125 S 5th Ave,,3329445,NM,41,1,"Ann Arbor, MI",,0,,11460,1,"Ann Arbor, MI",0,11460,34120,12/31/9999,12/31/9999,0,0,STATE,Ann Arbor,ANN ARBOR,21,N,Washtenaw,"Detroit-Warren-Ann Arbor, MI",1,220,8/31/2022,0,2738030,2738030,14546,8/31/2022,12/31/9999,481038,1/16/1996,9,Chicago,Chicago,7,0,2390929,0,,0,34120,0,DIF,,0,1,1/16/1996,1,1,0,0,0,0,42.280615,N,-83.74559304,,NONE,0,Bank of Ann Arbor,ARBOR BCORP INC,15886,15886,0,0,,19,0,19,0,0,0,,8/31/2022,3,,FDIC,3/31/2026,3/31/2026,1.905303901,2.372934514,2.37,1.91,13.28,13.28,2454380,6/26/2026,0,0,4,Commercial Lending Specialization,MI,MI,1,26161,Michigan,26,0,9,0,0,1,0,,,,,,,,,,,,,,,,,1,10,34120,56263,www.bankofannarbor.com,48104,,,,,,,,,,
1,123 S Main St,,329016,NM,41,1,"Little Rock-North Little Rock-Conway, AR",,0,,30780,1,"Little Rock-North Little Rock-Conway, AR",0,30780,13303,12/31/9999,12/31/9999,0,0,STATE,England,ENGLAND,21,N,Lonoke,"Little Rock-North Little Rock, AR",1,340,8/31/2022,0,250565,250565,12297,8/31/2022,12/31/9999,65102,08/08/1898,13,Dallas,Dallas,8,0,244149,0,,0,13303,0,DIF,,0,1,1/1/1934,1,1,0,0,0,0,34.54506284,N,-91.87379369,,NONE,0,Bank of England,MHBC INVESTMENTS PARTNERSHIP I LLLP,339,339,0,0,,151,0,151,0,0,0,,8/31/2022,5,,FDIC,3/31/2026,3/31/2026,0.412384929,0.543764199,0.54,0.41,2.08,2.08,2795083,6/26/2026,0,0,7,Other Specialized Under 1 Billion,AR,AR,1,5085,Arkansas,5,0,13,0,1,0,0,,,,,,,,,,,,,,,,,0,0,13303,8411,www.bankofengland-ar.com,72046,,,,,,,,,,
1,9840 Main St,,150062,NM,51,1,,,,,0,,,,,15585,12/31/9999,12/31/9999,0,0,STATE,Bay Port,BAY PORT,21,N,Huron,,,,8/31/2022,0,133323,133323,14349,8/31/2022,12/31/9999,16041,3/1/1938,9,Chicago,Chicago,7,0,961446,0,,0,15585,0,DIF,,0,1,3/3/1938,1,1,0,0,1,0,43.84944798,N,-83.37485199,,NONE,0,Bay Port State Bank,BAY PORT FINANCIAL CORP,470,470,0,0,,4,0,4,0,0,0,Bayport State Bank,8/31/2022,3,,FDIC,3/31/2026,3/31/2026,1.239516852,1.569175589,1.57,1.24,11.82,11.82,2389978,6/26/2026,0,0,2,Agricultural Specialization,MI,MI,1,26063,Michigan,26,0,9,0,1,0,0,,,,,,,,,,,,,,,,,0,0,15585,9872,https://www.bayportstatebank.com,48720,,,,,,,,,,
1,104 S 10th St,,175122,NM,51,1,"Escanaba, MI",,0,,0,0,,1,21540,1092,12/31/9999,12/31/9999,0,0,STATE,Gladstone,GLADSTONE,21,N,Delta,,0,,8/31/2022,0,147582,147582,9679,8/31/2022,12/31/9999,17197,7/1/1912,9,Chicago,Chicago,9,0,242958,0,,0,1092,0,DIF,,0,1,1/1/1934,1,1,0,0,0,0,45.84612578,N,-87.02183545,,NONE,0,Baybank,BAYBANK CORP,607,607,0,0,,3,0,3,0,0,0,BayBank,8/31/2022,3,,FDIC,3/31/2026,3/31/2026,1.412058913,1.756350049,1.76,1.41,14.31,14.31,2533070,6/26/2026,0,0,4,Commercial Lending Specialization,MI,MI,1,26041,Michigan,26,0,9,0,1,0,0,,,,,,,,,,,,,,,,,0,0,1092,737,http://baybank.us,49837,Gladstone State Bank,,,,,,,,,
1,204 E Jefferson St,,118951,SM,51,1,"Adrian, MI",,0,,0,0,,1,10300,976,12/31/9999,12/31/9999,0,0,STATE,Blissfield,BLISSFIELD,13,N,Lenawee,"Detroit-Warren-Ann Arbor, MI",1,220,8/31/2022,0,109511,109511,10332,8/31/2022,12/31/9999,9330,05/24/1873,9,Chicago,Chicago,7,0,937843,0,,0,976,0,DIF,,0,1,1/1/1934,1,1,0,0,1,0,41.830498,N,-83.86161098,,NONE,0,Blissfield State Bank,BLISSFIELD BANK CORP,361,361,0,0,,1,0,1,0,0,0,The Blissfield State Bank,8/31/2022,3,,FED,3/31/2026,3/31/2026,1.214108547,1.214108547,1.21,1.21,15.32,15.32,1245648,6/26/2026,0,0,2,Agricultural Specialization,MI,MI,1,26091,Michigan,26,1,9,0,1,0,0,,,,,,,,,,,,,,,,,0,0,976,642,www.blissfieldstate.com,49228,,,,,,,,,,
1,200 N Washington Sq,,199897,N,41,1,"Lansing-East Lansing, MI",,0,,29620,1,"Lansing-East Lansing, MI",0,29620,24199,12/31/9999,12/31/9999,0,17525,OCC,Lansing,,3,N,Ingham,,0,,8/31/2022,0,162858,162858,0,8/31/2022,12/31/9999,32751,11/22/1982,9,Chicago,Chicago,7,1,285544,0,,0,24199,0,DIF,,0,1,11/22/1982,1,1,0,0,0,0,42.73484802,N,-84.551853,,NONE,0,Capitol National Bank,,939,939,0,0,1,2,0,2,0,0,0,,8/31/2022,3,,OCC,3/31/2026,3/31/2026,1.82141766,2.238462173,2.24,1.82,11.63,11.63,,6/26/2026,0,0,4,Commercial Lending Specialization,MI,,0,26065,Michigan,26,0,9,0,1,0,0,,,,,,,,,,,,,,,,,0,0,24199,16852,www.capitolnational.com,48933,,NORTHEAST DISTRICT,,,,,,,,
1,511 Bingham Ave,,488233,SM,41,1,"Sault Ste. Marie, MI",,0,,0,0,,1,42300,1095,12/31/9999,12/31/9999,0,0,STATE,Sault Sainte Marie,SAULT SAINTE MARIE,13,N,Chippewa,,0,,10/24/2022,0,431104,431104,13474,10/9/2022,12/31/9999,43042,12/2/1902,9,Chicago,Chicago,9,0,382050,0,,0,1095,0,DIF,,0,1,1/1/1934,1,1,0,0,0,0,46.49633302,N,-84.345282,,NONE,0,Central Savings Bank,CENTRAL BANK CORP,2754,2754,0,0,,9,0,9,0,0,0,,10/24/2022,3,,FED,3/31/2026,3/31/2026,2.258814266,2.800962498,2.8,2.26,26.26,26.26,1246805,6/26/2026,0,0,4,Commercial Lending Specialization,MI,MI,1,26033,Michigan,26,0,9,0,1,0,0,,,,,,,,,,,,,,,,,0,0,1095,740,www.centralsavingsbank.com,49783,,,,,,,,,,
1,100 W Chicago St,,494988,NM,51,1,"Coldwater, MI",,0,,0,0,,1,17740,5015,12/31/9999,12/31/9999,0,0,STATE,Coldwater,COLDWATER,21,N,Branch,"Kalamazoo-Battle Creek-Portage, MI",1,310,10/24/2022,0,419736,419736,9914,10/9/2022,12/31/9999,67377,1/1/1909,9,Chicago,Chicago,7,0,694847,0,,0,5015,0,DIF,,0,1,1/1/1934,1,1,0,0,0,0,41.941816,N,-85.00561102,,NONE,0,Century Bank and Trust,CENTURY FINANCIAL CORP,2365,2365,0,0,,11,0,11,0,0,0,Hickory National Bank of Michigan,10/24/2022,3,,FDIC,3/31/2026,3/31/2026,1.946952741,2.405495099,2.41,1.95,14.18,14.18,1491856,6/26/2026,0,0,4,Commercial Lending Specialization,MI,MI,1,26023,Michigan,26,0,9,0,1,0,0,,,,,,,,,,,,,,,,,1,10,5015,3345,www.centurybankandtrust.com,49036,"Branch County Bank, N.A.",,Branch County Bank,,,,,,,
1,111 State St,,245318,NM,51,1,,,,,0,,,,,33926,12/31/9999,12/31/9999,0,0,STATE,Charlevoix,CHARLEVOIX,21,N,Charlevoix,,,,10/24/2022,0,218423,218423,0,10/9/2022,12/31/9999,24026,8/16/1994,9,Chicago,Chicago,7,0,2232757,0,,0,33926,0,DIF,,0,1,8/16/1994,1,1,0,0,0,0,45.31731599,N,-85.26108598,,NONE,0,Charlevoix State Bank,CHARLEVOIX FIRST CORP,1260,1260,0,0,,7,0,7,0,0,0,,10/24/2022,3,,FDIC,3/31/2026,3/31/2026,2.078547656,2.078547656,2.08,2.08,21,21,2336794,6/26/2026,0,0,4,Commercial Lending Specialization,MI,MI,1,26029,Michigan,26,1,9,0,1,0,0,,,,,,,,,,,,,,,,,0,0,33926,54977,www.charlevoixstatebank.com,49720,,,,,,,,,,
1,1010 S Main St,,422333,SM,51,1,"Ann Arbor, MI",,0,,11460,1,"Ann Arbor, MI",0,11460,14009,12/31/9999,12/31/9999,0,0,STATE,Chelsea,CHELSEA,13,N,Washtenaw,"Detroit-Warren-Ann Arbor, MI",1,220,8/31/2022,0,373146,373146,0,8/31/2022,12/31/9999,45846,12/17/1897,9,Chicago,Chicago,7,0,711548,0,,0,14009,0,DIF,,0,1,3/7/1934,1,1,0,0,0,0,42.30641701,N,-84.02227396,,NONE,0,Chelsea State Bank,CSB BCORP INC,1352,1352,0,0,,4,0,4,0,0,0,,8/31/2022,3,,FED,3/31/2026,3/31/2026,1.293396217,1.293396217,1.29,1.29,11.52,11.52,3306824,6/26/2026,0,0,4,Commercial Lending Specialization,MI,MI,1,26161,Michigan,26,1,9,0,1,0,0,,,,,,,,,,,,,,,,,0,0,14009,8758,www.chelseastate.bank,48118,,,,,,,,,,
1,109 E Division St,,4391138,SM,41,0,"Grand Rapids-Kentwood, MI",,0,,24340,1,"Grand Rapids-Kentwood, MI",0,24340,1014,12/31/9999,12/31/9999,0,0,STATE,Sparta,SPARTA,13,N,Kent,"Grand Rapids-Kentwood-Muskegon, MI",1,266,3/18/2025,0,3671307,3671307,10747,3/15/2025,12/31/9999,509156,01/01/1898,9,Chicago,Chicago,7,0,324340,0,,0,1014,0,DIF,,0,1,1/1/1934,1,1,0,0,0,0,43.16113355,N,-85.70745291,,NONE,0,ChoiceOne Bank,CHOICEONE FINL SERVICES INC,14296,14296,0,0,,51,0,51,0,0,0,Sparta State Bank,3/18/2025,3,,FED,3/31/2026,3/31/2026,1.299849657,1.584987355,1.58,1.3,11.26,11.26,1139297,6/26/2026,0,0,4,Commercial Lending Specialization,MI,MI,1,26081,Michigan,26,0,9,0,0,1,0,,,,,,,,,,,,,,,,,1,0,1014,672,WWW.CHOICEONE.BANK,49345,,,,810,,,,,,
1,120 S La Salle St,,65130106,SM,41,0,"Chicago-Naperville-Elgin, IL-IN-WI","Chicago-Naperville-Evanston, IL",1,16984,16980,1,"Chicago-Naperville-Elgin, IL-IN-WI",0,16980,33306,7/21/2011,12/31/9999,1,0,STATE,Chicago,TORONTO,13,N,Cook,"Chicago-Naperville, IL-IN-WI",1,176,12/17/2024,0,50964108,50964108,10042,11/21/2024,12/31/9999,11331822,2/6/1991,9,Chicago,Chicago,7,0,1842065,0,1,0,33306,0,DIF,,0,1,2/6/1991,1,1,0,0,0,0,41.88031039,N,-87.63282695,,NONE,0,CIBC Bank USA,CANADIAN IMPERIAL BK OF COM,196546,196546,0,0,,20,0,19,0,0,0,The PrivateBank and Trust Company,12/17/2024,3,,FED,3/31/2026,3/31/2026,1.217866009,1.571875354,1.57,1.22,6.99,6.99,1231342,6/26/2026,1,0,4,Commercial Lending Specialization,IL,0,1,17031,Illinois,17,0,9,0,0,0,0,us-cibc.ebanking-services.com/eamweb/account/login.aspx?appId=beb&brand=us-cibc&ec=,us.cibc.com/en/personal/savings.html,www.auth.gws.seic.com/usmfaservices/TSULogin.jsp?APPNAME=2&CLIENT=1&TYPE=33554433&REALMOID=06-0008d0c4-79ba-1cf1-b9b3-4452ac1200f2&GUID=&SMAUTHREASON=0&METHOD=GET&SMAGENTNAME=$SM$p05_ecx_us175100_cibc2eecx2eseic2ecom&TARGET=$SM$https3a2f2fcibc2eecx2eseic2e,,online.us.cibc.com/etc/designs/usbanking/online-banking/auth/index.html#/signon,,secure4.billerweb.com/cib/index.html?unitCode=CIBC,,us-cibc.ebanking-services.com,,online.us.cibc.com/etc/designs/usbanking/account-open/deposit/index.html#,,direct.imagedepositgateway.com/MultiFactorAuthenticationWebClient/Default.aspx?ReturnUrl=2fMerchantCaptureWebClient2fDefault.aspx3finstitution3d0992&institution=0992,secure4.billerweb.com/cib/JustPayIt/index.html?unitCode=CIBC,,,0,20,33306,46854,us.cibc.com,60603,,,,470,430,,,,,
1,1 Citizens Plz,,227134099,N,31,0,"Providence-Warwick, RI-MA",,0,,39300,1,"Providence-Warwick, RI-MA",0,39300,57957,7/21/2011,12/31/9999,1,24571,OCC,Providence,PROVIDENCE,3,N,Providence,"Boston-Worcester-Providence, MA-RI-NH-CT",1,148,11/18/2024,0,186851400,186851400,0,11/17/2024,12/31/9999,26651224,5/13/2005,2,New York,Washington,1,1,3303298,1,,0,57957,0,DIF,,0,1,5/13/2005,1,1,0,0,0,0,41.827384,N,-71.41076203,,NONE,0,"Citizens Bank, National Association",CITIZENS FINANCIAL GROUP INC,533380,533380,0,0,6,975,2,977,0,0,0,"Citizens Bank, N.A.",11/18/2024,1,,OCC,3/31/2026,3/31/2026,0.941956143,1.197219228,1.2,0.94,7.98,7.98,1132449,6/26/2026,1,0,9,All Other Over 1 Billion,RI,RI,0,44007,Rhode Island,44,0,16,0,0,0,0,www.citizensaccess.com,Citizens Bank,,Citizens Access,,Citizens Private Bank,,,,,,,,,,,1,10,57957,432614,www.citizensbank.com,2903,"RBS Citizens, National Association",,,,,,,,,
1,303 N Main St,,463876,N,51,1,,,,,0,,,,,5018,12/31/9999,12/31/9999,0,13522,OCC,Cheboygan,CHEBOYGAN,3,N,Cheboygan,,,,8/31/2022,0,435232,435232,14478,8/31/2022,12/31/9999,20709,1/24/1931,9,Chicago,Chicago,7,1,773742,0,,0,5018,0,DIF,,0,1,1/1/1934,1,1,0,0,0,0,45.64526701,N,-84.47684201,,NONE,0,Citizens National Bank of Cheboygan,CNB CORP,854,854,0,0,1,10,0,10,0,0,0,,8/31/2022,3,,OCC,3/31/2026,3/31/2026,0.730796014,0.896808223,0.9,0.73,16.54,16.54,1135422,6/26/2026,0,0,4,Commercial Lending Specialization,MI,MI,0,26031,Michigan,26,0,9,0,1,0,0,www.cnbismybank.net,,www.cnbismybank.info,,www.cnbismybank.org,,www.cnbismybank.bank,,,,,,,,,,0,10,5018,3347,www.cnbismybank.com,49721,,NORTHEAST DISTRICT,,,,,,,,
1,32500 Woodward Ave,,543781,SM,51,1,"Detroit-Warren-Dearborn, MI","Warren-Troy-Farmington Hills, MI",1,47664,19820,1,"Detroit-Warren-Dearborn, MI",0,19820,8183,12/31/9999,12/31/9999,0,0,STATE,Royal Oak,ROYAL OAK,13,N,Oakland,"Detroit-Warren-Ann Arbor, MI",1,220,4/20/2026,0,496515,496515,0,4/20/2026,12/31/9999,45009,12/6/1910,9,Chicago,Chicago,7,0,356752,0,,0,8183,0,DIF,,0,1,1/1/1934,1,1,0,0,0,0,42.52872998,N,-83.19599902,,NONE,0,Citizens State Bank,CITIZENS BANCSHARES INC,2410,2410,0,0,,3,0,3,0,0,0,The Citizens State Bank of Ontonagon,4/20/2026,3,,FED,3/31/2026,3/31/2026,1.801205911,2.230206821,2.23,1.8,21.9,21.9,1129047,6/26/2026,0,0,4,Commercial Lending Specialization,MI,MI,1,26125,Michigan,26,0,9,0,1,0,0,,,,,,,,,,,,,,,,,0,0,8183,5209,www.micsb.com,48073,,,,,,,,,,
1,101 N Pine River St,,564421,NM,51,1,"Alma, MI",,0,,0,0,,1,10940,18584,12/31/9999,12/31/9999,0,0,STATE,Ithaca,ITHACA,21,N,Gratiot,"Mount Pleasant-Alma, MI",1,394,8/27/2024,0,494000,494000,13502,8/27/2024,12/31/9999,56591,8/29/1962,9,Chicago,Chicago,7,0,513340,0,,0,18584,0,DIF,,0,1,8/29/1962,1,1,0,0,0,0,43.29225799,N,-84.60803103,,NONE,0,Commercial Bank,COMMERCIAL NATL FINL CORP,1798,1798,0,0,,11,0,11,0,0,0,Central National Bank of Alma,8/27/2024,3,,FDIC,3/31/2026,3/31/2026,1.286466965,1.57409751,1.57,1.29,12.62,12.62,1249299,6/26/2026,0,0,4,Commercial Lending Specialization,MI,MI,1,26057,Michigan,26,0,9,0,1,0,0,,,,,,,,,,,,,,,,,0,0,18584,12471,www.commercial-bank.com,48847,Commercial National Bank,,,,,,,,,
1,34040 Woodward Ave,,95218,NM,51,1,"Detroit-Warren-Dearborn, MI","Warren-Troy-Farmington Hills, MI",1,47664,19820,1,"Detroit-Warren-Dearborn, MI",0,19820,59305,12/31/9999,12/31/9999,0,0,STATE,Birmingham,,21,N,Oakland,"Detroit-Warren-Ann Arbor, MI",1,220,6/27/2023,0,73512,73512,0,6/26/2023,12/31/9999,20331,6/26/2023,9,Chicago,Chicago,7,0,5860740,0,,0,59305,0,DIF,,0,1,6/26/2023,1,1,0,0,0,0,42.53963767,N,-83.20675411,,NONE,0,Community Unity Bank,,-475,-475,0,0,,1,0,1,0,0,0,,6/27/2023,3,,FDIC,3/31/2026,3/31/2026,-1.997644882,-1.997644882,-2,-2,-9.23,-9.23,,6/26/2026,0,0,4,Commercial Lending Specialization,MI,,1,26125,Michigan,26,0,9,1,0,0,0,,,,,,,,,,,,,,,,,0,0,59305,641744,www.communityunity.bank,48009,,,,110,,,,,,
1,1 S Howell St,,1331769,N,51,1,"Hillsdale, MI",,0,,0,0,,1,25880,14073,12/31/9999,12/31/9999,0,14062,OCC,Hillsdale,HILLSDALE,3,N,Hillsdale,,0,,8/31/2022,0,1130985,1130985,11305,8/31/2022,12/31/9999,123279,3/19/1934,9,Chicago,Chicago,7,1,682143,0,,0,14073,0,DIF,,0,1,3/19/1934,1,1,0,0,0,0,41.91976699,N,-84.63170203,,NONE,0,County National Bank,CNB COMMUNITY BCORP INC,3232,3232,0,0,1,15,0,15,0,0,0,Hillsdale County National Bank,8/31/2022,3,,OCC,3/31/2026,3/31/2026,0.975178141,1.215050239,1.22,0.98,10.53,10.53,3340015,6/26/2026,0,0,4,Commercial Lending Specialization,MI,MI,0,26059,Michigan,26,0,9,0,0,1,0,,,,,,,,,,,,,,,,,1,10,14073,8798,WWW.CNBB.BANK,49242,,NORTHEAST DISTRICT,,,,,,,,
1,22315 Michigan Ave,,298604,SB,51,1,"Detroit-Warren-Dearborn, MI","Detroit-Dearborn-Livonia, MI",1,19804,19820,1,"Detroit-Warren-Dearborn, MI",0,19820,29874,12/31/9999,12/31/9999,0,704241,OCC,Dearborn,,34,N,Wayne,"Detroit-Warren-Ann Arbor, MI",1,220,8/31/2022,0,189773,189773,4241,8/31/2022,12/31/9999,77126,1/1/1936,9,Chicago,Chicago,7,1,1005075,0,,0,29874,0,DIF,,0,0,8/9/1989,1,1,0,1,0,0,42.30454802,N,-83.24975996,,NONE,1,Dearborn Federal Savings Bank,,101,101,0,0,1,5,0,5,0,0,0,Dearborn Federal Savings and Loan Association,8/31/2022,3,,OCC,3/31/2026,3/31/2026,0.137621398,0.175773865,0.18,0.14,0.52,0.52,,6/26/2026,0,0,5,Mortgage Lending Specialization,MI,,0,26163,Michigan,26,0,9,0,1,0,0,,,,,,,,,,,,,,,,,0,0,29874,42708,www.mydfsb.com,48124,,NORTHEAST DISTRICT,,,,,,,,
1,65 N Howard Ave,,567842,SM,41,0,,,,,0,,,,,982,12/31/9999,12/31/9999,0,0,STATE,Croswell,GRAND RAPIDS,13,N,Sanilac,,,,8/31/2022,0,470211,470211,11446,8/31/2022,12/31/9999,96847,12/04/1895,9,Chicago,Chicago,7,0,643340,0,1,0,982,0,DIF,,0,1,1/1/1934,1,1,0,0,0,0,43.27489798,N,-82.62154001,,NONE,0,Eastern Michigan Bank,MERCANTILE BANK CORP,1976,1976,0,0,,13,0,13,0,0,0,State Bank or Croswell,8/31/2022,3,,FED,3/31/2026,3/31/2026,1.387131477,1.737424295,1.74,1.39,8.21,8.21,2608763,6/26/2026,0,0,7,Other Specialized Under 1 Billion,MI,MI,1,26151,Michigan,26,0,9,0,1,0,0,,,,,,,,,,,,,,,,,0,0,982,646,www.emb.bank,48422,State Bank of Croswell,,,,,,,,,
1,236 S Cochran Ave,,534152,SB,51,1,"Lansing-East Lansing, MI",,0,,29620,1,"Lansing-East Lansing, MI",0,29620,29846,12/31/9999,12/31/9999,0,704194,OCC,Charlotte,CHARLOTTE,33,N,Eaton,,0,,10/24/2022,0,452047,452047,4194,10/9/2022,12/31/9999,64796,1/1/1936,9,Chicago,Chicago,7,1,980773,0,,0,29846,0,DIF,,0,0,8/9/1989,1,1,0,1,0,0,42.56128898,N,-84.836255,,NONE,0,Eaton Community Bank,EATON FED MUTUAL HOLDING CO,952,952,0,0,1,7,0,7,0,0,0,Eaton Federal Savings Bank,10/24/2022,3,,OCC,3/31/2026,3/31/2026,0.719905248,0.92029904,0.92,0.72,5.89,5.89,5444935,6/26/2026,0,0,8,All Other Under 1 Billion,MI,MI,0,26045,Michigan,26,0,9,0,1,0,0,,,,,,,,,,,,,,,,,0,0,29846,42680,www.eaton.bank,48813,Eaton Federal Savings and Loan Association,NORTHEAST DISTRICT,,,,,,,,
1,220 S Detroit St,,1260534,NM,51,1,,,,,0,,,,,14578,12/31/9999,12/31/9999,0,0,STATE,Lagrange,LAGRANGE,21,N,Lagrange,,,,8/31/2022,0,1110698,1110698,13452,8/31/2022,12/31/9999,126491,7/16/1934,9,Chicago,Chicago,7,0,113441,0,,0,14578,0,DIF,,0,1,7/16/1934,1,1,0,0,0,0,41.64224498,N,-85.41847901,,NONE,0,Farmers State Bank,FS BCORP,5606,5606,0,0,,12,0,12,0,0,0,,8/31/2022,3,,FDIC,3/31/2026,3/31/2026,1.768433339,2.134675063,2.13,1.77,17.8,17.8,1245479,6/26/2026,0,0,9,All Other Over 1 Billion,IN,IN,1,18087,Indiana,18,0,9,0,0,1,0,www.gofsb.com,,,,,,,,,,,,,,,,0,10,14578,9111,www.farmersstatebank.com,46761,,,,,,,,,,
1,38 Fountain Square Plz,,296118000,N,31,0,"Cincinnati, OH-KY-IN",,0,,17140,1,"Cincinnati, OH-KY-IN",0,17140,6672,7/21/2011,12/31/9999,1,25190,OCC,Cincinnati,CINCINNATI,3,N,Hamilton,"Cincinnati-Wilmington-Maysville, OH-KY-IN",1,178,6/5/2026,0,240416000,239948000,0,5/1/2026,12/31/9999,37413000,01/01/1865,9,Chicago,Washington,4,1,723112,1,,0,6672,0,DIF,,0,1,1/1/1934,1,1,0,0,0,0,39.1021003,N,-84.51211222,,NONE,0,"Fifth Third Bank, National Association",FIFTH THIRD BCORP,395000,395000,0,0,6,1508,1,1508,0,0,0,"The Fifth Third Bank of Western Ohio, National Association",6/5/2026,3,,OCC,3/31/2026,3/31/2026,0.619792566,0.775132981,0.78,0.62,5.09,5.09,1070345,6/26/2026,0,0,4,Commercial Lending Specialization,OH,OH,0,39061,Ohio,39,0,16,0,0,0,1,,,,,,,,,,,,,,,,,1,10,6672,4470,www.53.com,45202,Fifth Third Bank of Western Ohio,,Fifth Third Bank,,,"Citizens Heritage Bank, National Association",The Miami Citizens National Bank & Trust Company,"The Fifth Third Bank of Miami Valley, National Association",The Citizens National Bank & Trust Company of Piqua,
1,1400 Delta Ave,,632092,NM,51,1,"Escanaba, MI",,0,,0,0,,1,21540,14276,12/31/9999,12/31/9999,0,0,STATE,Gladstone,GLADSTONE,21,N,Delta,,0,,8/31/2022,0,532142,532142,11028,8/31/2022,12/31/9999,82930,8/14/1916,9,Chicago,Chicago,9,0,239556,0,,0,14276,0,DIF,,0,1,4/23/1934,1,1,0,0,0,0,45.84602901,N,-87.02899297,,NONE,0,"First Bank, Upper Michigan",FIRST BANCSHARES CORP,3078,3078,0,0,,9,0,9,0,0,0,First National Bank in Gladstone,8/31/2022,3,,FDIC,3/31/2026,3/31/2026,1.946624357,1.946624357,1.95,1.95,14.93,14.93,1978414,6/26/2026,0,0,4,Commercial Lending Specialization,MI,MI,1,26041,Michigan,26,1,9,0,1,0,0,,,,,,,,,,,,,,,,,1,10,14276,8919,www.first-bank.com,49837,"First Bank, Upper Michigan, National Association",,,,,,,,,
1,200 E Main St,,414025,SM,51,1,,,,,0,,,,,13179,12/31/9999,12/31/9999,0,0,STATE,Harbor Springs,HARBOR SPRINGS,13,N,Emmet,,,,10/24/2022,0,355957,355957,10580,10/9/2022,12/31/9999,40339,11/1/1905,9,Chicago,Chicago,7,0,932745,0,,0,13179,0,DIF,,0,1,1/1/1934,1,1,0,0,0,0,45.42947998,N,-84.987459,,NONE,0,First Community Bank,HARBOR SPRINGS FINANCIAL CORP,1935,1935,0,0,,10,0,10,0,0,0,The Emmet County State Bank,10/24/2022,3,,FED,3/31/2026,3/31/2026,1.893742453,1.893742453,1.89,1.89,19.08,19.08,1208102,6/26/2026,0,0,4,Commercial Lending Specialization,MI,MI,1,26047,Michigan,26,1,9,0,1,0,0,,,,,,,,,,,,,,,,,0,30,13179,8339,www.firstcb.com,49740,Harbor Springs State Bank,,,,,,,,,
1,255 E 5th St,,22686655,SM,31,0,"Cincinnati, OH-KY-IN",,0,,17140,1,"Cincinnati, OH-KY-IN",0,17140,6600,6/30/2018,12/31/9999,1,0,STATE,Cincinnati,CINCINNATI,13,N,Hamilton,"Cincinnati-Wilmington-Maysville, OH-KY-IN",1,178,1/8/2026,0,18131069,18131069,0,1/1/2026,12/31/9999,2959898,01/01/1863,9,Chicago,Chicago,4,0,165628,1,,0,6600,0,DIF,,0,1,1/1/1934,1,1,0,0,0,0,39.101085,N,-84.50852225,,NONE,0,First Financial Bank,FIRST FINANCIAL BCORP,84604,84604,0,0,3,165,0,165,0,0,0,First National Bank of Southwestern Ohio,1/8/2026,3,,FED,3/31/2026,3/31/2026,1.549789985,1.963798819,1.96,1.55,11.88,11.88,1071276,6/26/2026,1,0,4,Commercial Lending Specialization,OH,OH,1,39061,Ohio,39,0,9,0,0,0,0,,,,,,,,,,,,,,,,,1,10,6600,4419,www.bankatfirst.com,45202,"First Financial Bank, National Association",CENTRAL DISTRICT,The First National Bank and Trust Company of Hamilton,810,,,,,,
1,7310 Woodward Ave,,875011,NM,51,1,"Detroit-Warren-Dearborn, MI","Detroit-Dearborn-Livonia, MI",1,19804,19820,1,"Detroit-Warren-Dearborn, MI",0,19820,20179,12/31/9999,12/31/9999,0,0,STATE,Detroit,DETROIT,21,N,Wayne,"Detroit-Warren-Ann Arbor, MI",1,220,2/2/2026,0,684233,684233,16107,1/30/2026,12/31/9999,81453,5/14/1970,9,Chicago,Chicago,7,0,254849,0,,0,20179,0,DIF,,0,1,5/14/1970,1,1,0,0,0,0,42.37088143,N,-83.07282109,1,Black or African American owned,0,First Independence Bank,FIRST INDEPENDENCE CORP,7202,7202,0,0,,5,0,5,0,0,0,First Independence National Bank of Detroit,2/2/2026,3,,FDIC,3/31/2026,3/31/2026,3.665307826,4.642451817,4.64,3.67,39.57,39.57,1134564,6/26/2026,0,0,4,Commercial Lending Specialization,MI,MI,1,26163,Michigan,26,0,9,0,1,0,0,,,,,,,,,,,,,,,,,0,0,20179,13869,www.firstindependence.com,48202,,,,811,,,,,,
1,200 E Jackson St,,21048883,NM,41,0,"Muncie, IN",,0,,34620,1,"Muncie, IN",0,34620,4365,10/1/2019,12/31/9999,1,0,STATE,Muncie,MUNCIE,21,N,Delaware,"Indianapolis-Carmel-Muncie, IN",1,294,2/13/2026,0,16514770,16514770,11365,2/1/2026,12/31/9999,2711800,03/13/1893,9,Chicago,Chicago,7,0,17147,0,,0,4365,0,DIF,,0,1,1/1/1934,1,1,0,0,0,0,40.19307746,N,-85.38510713,,NONE,0,First Merchants Bank,FIRST MERCHANTS CORP,33279,33279,0,0,3,136,0,135,0,0,0,The Merchants National Bank of Muncie,2/13/2026,3,,FDIC,3/31/2026,3/31/2026,0.664579658,0.669472294,0.67,0.66,5.14,5.14,1208559,6/26/2026,1,0,4,Commercial Lending Specialization,IN,IN,1,18035,Indiana,18,0,9,0,0,0,0,,"First Merchants Private Wealth Advisors, A Division of First Merchants Bank",,"Gold Shield Lending, A Division of First Merchants Bank",,"First Savings Bank, A Division of FIrst Merchants Bank",,,,,,,,,,,1,10,4365,2871,http://www.firstmerchants.com,47305,First Merchants Bank National Association,CENTRAL DISTRICT,,810,,,,,,
1,233 S Stephenson Ave,,413807,N,51,1,"Iron Mountain, MI-WI",,0,,0,0,,1,27020,5062,12/31/9999,12/31/9999,0,3806,OCC,Iron Mountain,IRON MOUNTAIN,3,N,Dickinson,"Marinette-Iron Mountain, WI-MI",1,361,8/31/2022,0,356212,356212,11932,8/31/2022,12/31/9999,35861,01/01/1887,9,Chicago,Chicago,9,1,251558,0,,0,5062,0,DIF,,0,1,1/1/1934,1,1,0,0,0,0,45.82080698,N,-88.06510902,,NONE,0,First National Bank & Trust Co.,FNB BANCSHARES INC,858,858,0,0,4,7,0,7,0,0,0,The First National Bank of Iron Mountain,8/31/2022,3,,OCC,3/31/2026,3/31/2026,0.831072221,1.11584522,1.12,0.83,9.64,9.64,1416671,6/26/2026,0,0,4,Commercial Lending Specialization,MI,MI,0,26043,Michigan,26,0,9,0,1,0,0,,,,,,,,,,,,,,,,,1,10,5062,3380,www.fnbimk.com,49801,The First National Bank & Trust Company of Iron Mountain,WESTERN DISTRICT,,,,,,,,
1,241 E Saginaw St,,6762755,N,41,0,"Lansing-East Lansing, MI",,0,,29620,1,"Lansing-East Lansing, MI",0,29620,17438,12/31/9999,12/31/9999,0,14740,OCC,East Lansing,EAST LANSING,3,N,Ingham,,0,,8/31/2022,0,3835105,3835105,11072,8/31/2022,12/31/9999,541254,5/6/1955,9,Chicago,Chicago,7,1,413141,0,,0,17438,0,DIF,,0,1,5/6/1955,1,1,0,0,0,0,42.74761299,N,-84.48190199,,NONE,0,First National Bank of America,FIRST NATIONAL BANCSHARES INC,45608,45608,0,0,1,3,0,3,0,0,0,First National Bank of Michigan,8/31/2022,3,,OCC,3/31/2026,3/31/2026,2.710025007,3.431204921,3.43,2.71,33.85,33.85,1206313,6/26/2026,0,0,5,Mortgage Lending Specialization,MI,MI,0,26065,Michigan,26,0,9,0,0,1,0,,,,,,,,,,,,,,,,,0,0,17438,11431,www.fnba.com,48823,First National Bank of East Lansing,NORTHEAST DISTRICT,,,,,,,,
1,348 W Michigan Ave,,982437,N,51,1,"Kalamazoo-Portage, MI",,0,,28020,1,"Kalamazoo-Portage, MI",0,28020,58259,12/31/9999,12/31/9999,0,24637,OCC,Kalamazoo,KALAMAZOO,3,N,Kalamazoo,"Kalamazoo-Battle Creek-Portage, MI",1,310,10/24/2022,0,760438,760438,0,10/9/2022,12/31/9999,89508,4/12/2006,9,Chicago,Chicago,7,1,3404467,0,,0,58259,0,DIF,,0,1,4/12/2006,1,1,0,0,0,0,42.292098,N,-85.58683104,,NONE,0,First National Bank of Michigan,FIRST NATIONAL BCORP INC,2269,2269,0,0,1,7,0,7,0,0,0,,10/24/2022,3,,OCC,3/31/2026,3/31/2026,0.922150146,1.128201325,1.13,0.92,10.23,10.23,3404458,6/26/2026,0,0,4,Commercial Lending Specialization,MI,MI,0,26077,Michigan,26,0,9,0,1,0,0,web9.secureinternetbank.com/PBI_PBI1151/Login/072414239,,web9.secureinternetbank.com/ebc_ebc1151/Login/072414239,,,,,,,,,,,,,,0,0,58259,444648,www.fnbmichigan.bank,49007,,NORTHEAST DISTRICT,,,,,,,,
1,16100 E 9 Mile Rd,,1348773,SM,41,1,"Detroit-Warren-Dearborn, MI","Warren-Troy-Farmington Hills, MI",1,47664,19820,1,"Detroit-Warren-Dearborn, MI",0,19820,15032,12/31/9999,12/31/9999,0,0,STATE,Eastpointe,SAINT CLAIR SHORES,13,N,Macomb,"Detroit-Warren-Ann Arbor, MI",1,220,8/31/2022,0,1216295,1216295,0,8/31/2022,12/31/9999,127462,1/1/1917,9,Chicago,Chicago,7,0,113740,0,,0,15032,0,DIF,,0,1,2/21/1935,1,1,0,0,0,0,42.46408698,N,-82.95674799,,NONE,0,First State Bank,FIRST STATE FINANCIAL CORP,4013,4013,0,0,,11,0,11,0,0,0,First State Bank of East Detroit,8/31/2022,3,,FED,3/31/2026,3/31/2026,1.204327536,1.502933541,1.5,1.2,12.74,12.74,1204177,6/26/2026,0,0,4,Commercial Lending Specialization,MI,MI,1,26099,Michigan,26,0,9,0,0,1,0,,,,,,,,,,,,,,,,,0,0,15032,9426,www.fsb.bank,48021,,,,,,,,,,
1,124 S Phelps St,,83176,SM,51,1,,,,,0,,,,,12893,12/31/9999,12/31/9999,0,0,STATE,Decatur,DECATUR,13,N,Van Buren,,,,8/28/2025,0,66791,66791,10423,7/30/2025,12/31/9999,15142,01/01/1870,9,Chicago,Chicago,7,0,654047,0,,0,12893,0,DIF,,0,1,1/2/1934,1,1,0,0,0,0,42.10781046,N,-85.97427337,,NONE,0,First State Bank of Michigan,GTSB FINANCIAL INC,-277,-277,0,0,,2,0,2,0,0,0,First State Bank of Decatur,8/28/2025,3,,FED,3/31/2026,3/31/2026,-1.353489082,-1.353489082,-1.35,-1.35,-7.23,-7.23,5930577,6/26/2026,0,0,4,Commercial Lending Specialization,MI,MI,1,26159,Michigan,26,0,9,1,0,0,0,,,,,,,,,,,,,,,,,0,0,12893,8162,www.fsbdecatur.com,49045,,,,510,470,,,,,430
1,102 Duffy Ave,,87128815,N,31,0,"New York-Newark-Jersey City, NY-NJ-PA","Nassau County-Suffolk County, NY",1,35004,35620,1,"New York-Newark-Jersey City, NY-NJ-PA",0,35620,32541,7/21/2011,12/31/9999,1,25282,OCC,Hicksville,,3,N,Nassau,"New York-Newark, NY-NJ-CT-PA",1,408,11/13/2025,0,66832203,66832203,8412,10/17/2025,12/31/9999,8120652,5/20/1987,2,New York,Washington,2,1,694904,1,,0,32541,0,DIF,,0,1,8/9/1989,1,1,0,0,0,0,40.76597488,N,-73.53021241,,NONE,0,"Flagstar Bank, National Association",,20863,20863,0,0,7,345,0,345,0,0,0,"First Security Savings Bank, FSB",11/13/2025,1,,OCC,3/31/2026,3/31/2026,0.095569895,0.146866051,0.15,0.1,1.03,1.03,,6/26/2026,1,0,4,Commercial Lending Specialization,NY,,0,36059,New York,36,0,16,0,0,0,0,,,,,www.flagstar.com,,,,,,,,,,,,0,10,32541,45375,www.flagstar.com,11801,"Flagstar Bank, FSB",,First Security Savings Bank FSB,820,,,,,,
1,115 W Main St,,107878,SM,51,1,"South Bend-Mishawaka, IN-MI",,0,,43780,1,"South Bend-Mishawaka, IN-MI",0,43780,999,12/31/9999,12/31/9999,0,0,STATE,Marcellus,MARCELLUS,13,N,Cass,"South Bend-Elkhart-Mishawaka, IN-MI",1,515,2/23/2023,0,97175,97175,10335,10/9/2022,12/31/9999,10132,05/28/1877,9,Chicago,Chicago,7,0,540542,0,,0,999,0,DIF,,0,1,1/1/1934,1,1,0,0,0,0,42.02690803,N,-85.81556223,,NONE,0,G. W. Jones Exchange Bank,JONES BCORP INC,78,78,0,0,,4,0,4,0,0,0,,2/23/2023,3,,FED,3/31/2026,3/31/2026,0.284219013,0.284219013,0.28,0.28,3.13,3.13,2004039,6/26/2026,0,0,7,Other Specialized Under 1 Billion,MI,MI,1,26027,Michigan,26,0,9,0,1,0,0,,,,,,,,,,,,,,,,,0,10,999,660,www.gwjonesbank.com,49067,,,,,,,,,,
1,155 E Cloverland Dr,,142512,NM,51,1,,,,,0,,,,,57192,12/31/9999,12/31/9999,0,0,STATE,Ironwood,IRONWOOD,21,N,Gogebic,,,,1/8/2026,0,130766,130766,0,1/1/2026,12/31/9999,8897,5/20/2002,9,Chicago,Chicago,9,0,3025929,0,,0,57192,0,DIF,,0,1,5/20/2002,1,1,0,0,0,0,46.46275398,N,-90.17015201,,NONE,0,Gogebic Range Bank,WEST END FINANCIAL CORP,-2984,-3776,0,0,,5,0,1,0,0,0,,1/8/2026,3,,FDIC,12/31/2025,3/31/2026,-2.086275607,-2.086275607,-10.8,-10.34,-27.3,-142.37,3025910,6/26/2026,0,0,4,Commercial Lending Specialization,MI,MI,1,26053,Michigan,26,0,9,0,1,0,0,,,,,,,,,,,,,,,,,0,0,57192,359381,gogebicrangebank.com,49938,,,,,,,,,,
1,4471 Wilson Ave Sw,,510506,SM,51,1,"Grand Rapids-Kentwood, MI",,0,,24340,1,"Grand Rapids-Kentwood, MI",0,24340,58789,12/31/9999,12/31/9999,0,0,STATE,Grandville,GRANDVILLE,13,N,Kent,"Grand Rapids-Kentwood-Muskegon, MI",1,266,10/24/2022,0,440003,440003,0,10/9/2022,12/31/9999,50256,4/30/2009,9,Chicago,Chicago,7,0,3812147,0,,0,58789,0,DIF,,0,1,4/30/2009,1,1,0,0,0,0,42.88345305,N,-85.76252257,,NONE,0,Grand River Bank,GRAND RIVER COMMERCE INC,814,814,0,0,,2,0,2,0,0,0,,10/24/2022,3,,FED,3/31/2026,3/31/2026,0.634184821,0.747932959,0.75,0.63,6.53,6.53,3916326,6/26/2026,0,0,4,Commercial Lending Specialization,MI,MI,1,26081,Michigan,26,0,9,0,1,0,0,,,,,,,,,,,,,,,,,0,0,58789,468282,www.grandriverbank.com,49418,,,,,,,,,,
1,261 5th Ave,Ste 610,1532263,N,51,1,"New York-Newark-Jersey City, NY-NJ-PA","New York-Jersey City-White Plains, NY-NJ",1,35614,35620,1,"New York-Newark-Jersey City, NY-NJ-PA",0,35620,59113,12/31/9999,12/31/9999,0,25152,OCC,New York,NEW YORK,3,N,New York,"New York-Newark, NY-NJ-CT-PA",1,408,4/7/2025,0,1368968,1368968,0,4/1/2025,12/31/9999,142295,5/13/2019,2,New York,New York,2,1,5210989,0,,0,59113,0,DIF,,0,1,5/13/2019,1,1,0,0,0,0,40.74504636,N,-73.98681827,,NONE,0,"Grasshopper Bank, N.A.",GRASSHOPPER BCORP INC,5437,5437,0,0,9,2,0,2,0,0,0,,4/7/2025,1,,OCC,3/31/2026,3/31/2026,1.396202686,1.826593655,1.83,1.4,15.46,15.46,5215715,6/26/2026,0,0,4,Commercial Lending Specialization,NY,NY,0,36061,New York,36,0,2,0,0,1,0,,,,,,,,,,,,,,,,,0,0,59113,591959,www.grasshopper.bank,10016,,,,810,520,,,,,
1,150 W Court St,,597210,NM,51,1,,,,,0,,,,,11407,12/31/9999,12/31/9999,0,0,STATE,Hastings,HASTINGS,21,N,Barry,,,,10/24/2022,0,545799,545799,10657,10/9/2022,12/31/9999,47468,01/01/1886,9,Chicago,Chicago,7,0,750341,0,,0,11407,0,DIF,,0,1,1/1/1934,1,1,0,0,0,0,42.64746898,N,-85.28803002,,NONE,0,Highpoint Community Bank,HCB FINANCIAL CORP,1044,1044,0,0,,7,0,7,0,0,0,The Hastings City Bank,10/24/2022,3,,FDIC,3/31/2026,3/31/2026,0.703682453,0.787261595,0.79,0.7,8.8,8.8,1136287,6/26/2026,0,0,4,Commercial Lending Specialization,MI,MI,1,26015,Michigan,26,0,9,0,1,0,0,,,,,,,,,,,,,,,,,1,10,11407,7283,WWW.HIGHPOINTCOMMUNITYBANK.COM,49058,,,,,,,,,,
1,415 S Superior St,,73266,SB,51,1,"Battle Creek, MI",,0,,12980,1,"Battle Creek, MI",0,12980,28667,12/31/9999,12/31/9999,0,718109,OCC,Albion,,34,N,Calhoun,"Kalamazoo-Battle Creek-Portage, MI",1,310,10/24/2022,0,66494,66494,18109,10/9/2022,12/31/9999,6451,01/01/1889,9,Chicago,Chicago,7,1,132778,0,,0,28667,0,DIF,,0,0,8/9/1989,1,1,0,1,0,0,42.242389,N,-84.75267703,,NONE,1,Homestead Savings Bank,,135,135,0,0,1,3,0,3,0,0,0,Homestead Savings and Loan Association,10/24/2022,3,,OCC,3/31/2026,3/31/2026,0.745310753,0.927497826,0.93,0.75,8.45,8.45,,6/26/2026,0,0,4,Commercial Lending Specialization,MI,,0,26025,Michigan,26,0,9,1,0,0,0,,,,,,,,,,,,,,,,,0,0,28667,41501,www.hsbank.bank,49224,"Homestead Savings and Loan Association, A Federal Association",NORTHEAST DISTRICT,"Homestead Savings Bank, F.S.B.",,,,,,,
1,2254 Henry St,,413398,NM,51,1,"Traverse City, MI",,0,,0,0,,1,45900,8165,12/31/9999,12/31/9999,0,0,STATE,Honor,HONOR,21,N,Benzie,,0,,10/24/2022,0,369661,369661,0,10/9/2022,12/31/9999,41090,6/15/1917,9,Chicago,Chicago,7,0,815147,0,,0,8165,0,DIF,,0,1,1/1/1934,1,1,0,0,0,0,44.664562,N,-86.02131102,,NONE,0,Honor  Bank,HONOR BCORP INC,1488,1488,0,0,,9,0,9,0,0,0,The Honor State Bank,10/24/2022,3,,FDIC,3/31/2026,3/31/2026,1.433942173,1.802064424,1.8,1.43,14.66,14.66,1881680,6/26/2026,0,0,4,Commercial Lending Specialization,MI,MI,1,26019,Michigan,26,0,9,0,1,0,0,,,,,,,,,,,,,,,,,0,0,8165,5202,www.myhonorbank.com,49640,,,,,,,,,,
1,515 Franklin St,,6540325,NM,41,0,"Michigan City-La Porte, IN",,0,,33140,1,"Michigan City-La Porte, IN",0,33140,4360,12/31/9999,12/31/9999,0,0,STATE,Michigan City,MICHIGAN CITY,21,N,Laporte,"Chicago-Naperville, IL-IN-WI",1,176,8/31/2022,0,5498253,5498253,9216,8/31/2022,12/31/9999,778223,04/21/1873,9,Chicago,Chicago,7,0,130541,0,,0,4360,0,DIF,,0,1,1/1/1934,1,1,0,0,0,0,41.716916,N,-86.90216899,,NONE,0,Horizon Bank,HORIZON BCORP INC,29011,29011,0,0,3,79,0,79,0,0,0,The First-Merchants National Bank of Michigan City,8/31/2022,3,,FDIC,3/31/2026,3/31/2026,1.791603438,2.221919275,2.22,1.79,15,15,1209136,6/26/2026,0,0,4,Commercial Lending Specialization,IN,IN,1,18091,Indiana,18,0,9,0,0,1,0,,,,,,,,,,,,,,,,,1,10,4360,2868,www.horizonbank.com,46360,"First Citizens Bank, National Association",CENTRAL DISTRICT,"Horizon Bank, National Association",,,The First National Bank of Michigan City,,,,
1,301 Newman St,,316245,SM,51,1,,,,,0,,,,,11810,12/31/9999,12/31/9999,0,0,STATE,East Tawas,EAST TAWAS,13,N,Iosco,,,,8/31/2022,0,272201,272201,0,8/31/2022,12/31/9999,25016,6/14/1927,9,Chicago,Chicago,7,0,475345,0,,0,11810,0,DIF,,0,1,1/1/1934,1,1,0,0,0,0,44.28181459,N,-83.49112448,,NONE,0,Huron Community Bank,HURON CMTY FINL SERVICES INC,469,469,0,0,,8,0,8,0,0,0,Michigan Bank - Huron,8/31/2022,3,,FED,3/31/2026,3/31/2026,0.589598737,0.667541427,0.67,0.59,7.45,7.45,1416608,6/26/2026,0,0,4,Commercial Lending Specialization,MI,MI,1,26069,Michigan,26,0,9,0,1,0,0,,,,,,,,,,,,,,,,,0,30,11810,7554,www.bankhcb.com,48730,Peoples State Bank of East Tawas,,,,,,,,,
1,200 E Erie St,,96450,SM,51,1,,,,,0,,,,,23126,12/31/9999,12/31/9999,0,0,STATE,Rogers City,ROGERS CITY,13,N,Presque Isle,,,,8/31/2022,0,83832,83832,0,8/31/2022,12/31/9999,11404,5/12/1980,9,Chicago,Chicago,7,0,753641,0,,0,23126,0,DIF,,0,1,5/12/1980,1,1,0,0,0,0,45.42059998,N,-83.81449698,,NONE,0,Huron State Bank,HURON NATIONAL BCORP INC,190,190,0,0,3,1,0,1,0,0,0,Huron National Bank,8/31/2022,3,,FED,3/31/2026,3/31/2026,0.795449193,0.954539032,0.95,0.8,6.71,6.71,1491771,6/26/2026,0,0,6,Consumer Lending Specialization,MI,MI,1,26141,Michigan,26,0,9,1,0,0,0,,,,,,,,,,,,,,,,,0,0,23126,16201,http://www.huronstatebank.com,49779,,CENTRAL DISTRICT,,,,,,,,
1,130 S Milford Rd,,286693,NM,41,1,"Detroit-Warren-Dearborn, MI","Warren-Troy-Farmington Hills, MI",1,47664,19820,1,"Detroit-Warren-Dearborn, MI",0,19820,57990,12/31/9999,12/31/9999,0,0,STATE,Milford,MILFORD,21,N,Oakland,"Detroit-Warren-Ann Arbor, MI",1,220,10/24/2024,0,257745,257745,0,10/24/2024,12/31/9999,27436,8/15/2005,9,Chicago,Chicago,7,0,3358270,0,,0,57990,0,DIF,,0,1,8/15/2005,1,1,0,0,0,0,42.58159301,N,-83.61169901,,NONE,0,Huron Valley State Bank,HURON VALLEY BCORP INC,609,609,0,0,,3,0,3,0,0,0,,10/24/2024,3,,FDIC,3/31/2026,3/31/2026,0.874588466,1.105801509,1.11,0.87,8.97,8.97,4859596,6/26/2026,0,0,4,Commercial Lending Specialization,MI,MI,1,26125,Michigan,26,0,9,0,1,0,0,,,,,,,,,,,,,,,,,0,0,57990,433198,www.hvsb.com,48381,,,,,,,,,,
1,327 N 17th Ave,,2058919,NM,41,1,"Wausau-Weston, WI",,0,,48140,1,"Wausau-Weston, WI",0,48140,19772,12/31/9999,12/31/9999,0,0,STATE,Wausau,WAUSAU,21,N,Marathon,"Wausau-Stevens Point-Wisconsin Rapids, WI",1,554,8/31/2022,0,1775232,1775232,12705,8/31/2022,12/31/9999,157969,12/8/1967,9,Chicago,Chicago,7,0,163549,0,,0,19772,0,DIF,,0,1,12/8/1967,1,1,0,0,0,0,44.96716656,N,-89.65379819,,NONE,0,IncredibleBank,RIVER VALLEY BCORP INC,5183,5183,0,0,,19,0,19,0,0,0,River Valley State Bank,8/31/2022,3,,FDIC,3/31/2026,3/31/2026,1.002450521,1.268197581,1.27,1,13.2,13.2,1209426,6/26/2026,0,0,4,Commercial Lending Specialization,WI,WI,1,55073,Wisconsin,55,0,9,0,0,1,0,,,,,,,,,,,,,,,,,0,0,19772,13566,www.incrediblebank.com,54401,River Valley Bank,,,,,,,,,
1,4200 E Beltline Ave Ne,,5551229,SM,41,0,"Grand Rapids-Kentwood, MI",,0,,24340,1,"Grand Rapids-Kentwood, MI",0,24340,27811,12/31/9999,12/31/9999,0,0,STATE,Grand Rapids,GRAND RAPIDS,13,N,Kent,"Grand Rapids-Kentwood-Muskegon, MI",1,266,10/24/2022,0,4943011,4943011,321,10/9/2022,12/31/9999,497636,01/01/1890,9,Chicago,Chicago,7,0,636771,0,,0,27811,0,DIF,,0,1,8/9/1989,1,1,0,0,0,0,43.03873602,N,-85.589039,,NONE,0,Independent Bank,INDEPENDENT BANK CORP,17560,17560,0,0,,59,0,59,0,0,0,Mutual Savings and Loan Association,10/24/2022,3,,FED,3/31/2026,3/31/2026,1.271215122,1.529150172,1.53,1.27,14.21,14.21,1201925,6/26/2026,0,0,4,Commercial Lending Specialization,MI,MI,1,26081,Michigan,26,0,9,0,0,1,0,,,,,,,,,,,,,,,,,0,30,27811,40645,www.independentbank.com,49525,"Mutual Savings and Loan Association, FA",,Independent Bank MSB,,,"Mutual Savings Bank, F.S.B.","Mutual Savings Bank, F.S.B","MUTUAL SAVINGS BANK, F.S.B.",,
1,139 E Broadway St,,2203614,SM,41,1,"Mount Pleasant, MI",,0,,0,0,,1,34380,1005,12/31/9999,12/31/9999,0,0,STATE,Mount Pleasant,MOUNT PLEASANT,13,N,Isabella,"Mount Pleasant-Alma, MI",1,394,2/23/2023,0,1890688,1890688,10541,10/9/2022,12/31/9999,183968,7/1/1903,9,Chicago,Chicago,7,0,74140,0,,0,1005,0,DIF,,0,1,1/1/1934,1,1,0,0,0,0,43.60424198,N,-84.77510499,,NONE,0,Isabella Bank,ISABELLA BANK CORP,5754,5754,0,0,,31,0,32,0,0,0,Isabella County State Bank,2/23/2023,3,,FED,3/31/2026,3/31/2026,1.054613211,1.272170716,1.27,1.05,12.69,12.69,1401118,6/26/2026,0,0,4,Commercial Lending Specialization,MI,MI,1,26073,Michigan,26,0,9,0,0,1,0,,,,,,,,,,,,,,,,,1,10,1005,664,www.isabellabank.com,48858,Isabella Bank and Trust,,,,,,,,,
1,18800 Hubbard Dr,,71040,SM,31,0,"Detroit-Warren-Dearborn, MI","Detroit-Dearborn-Livonia, MI",1,19804,19820,1,"Detroit-Warren-Dearborn, MI",0,19820,21761,7/21/2011,12/31/9999,1,0,STATE,Dearborn,NEW YORK,13,N,Wayne,"Detroit-Warren-Ann Arbor, MI",1,220,8/31/2022,0,500,500,0,8/31/2022,12/31/9999,70429,9/16/1974,9,Chicago,Washington,7,0,651448,1,1,0,21761,0,DIF,,0,1,9/16/1974,1,1,0,0,0,0,42.32227499,N,-83.22166701,,NONE,0,"JPMorgan Chase Bank, Dearborn",JPMORGAN CHASE&CO,486,486,0,0,,1,0,1,0,0,0,National Bank of Dearborn,8/31/2022,3,,FED,3/31/2026,3/31/2026,2.748033333,3.630118106,3.63,2.75,2.77,2.77,1039502,6/26/2026,0,0,7,Other Specialized Under 1 Billion,MI,NY,1,26163,Michigan,26,0,16,1,0,0,0,,,,,,,,,,,,,,,,,0,0,21761,15067,,48126,"N.B.D. Dearborn Bank, National Association",,"Bank One, Dearborn, National Association",,,,,,,
1,1111 Polaris Pkwy,,4016571000,N,31,0,"Columbus, OH",,0,,18140,1,"Columbus, OH",0,18140,628,7/21/2011,12/31/9999,1,8,OCC,Columbus,NEW YORK,3,N,Delaware,"Columbus-Marion-Zanesville, OH",1,198,3/6/2025,0,2787994000,2209823000,0,2/1/2025,12/31/9999,335931000,01/01/1824,9,Chicago,Washington,4,1,852218,1,1,0,628,0,DIF,,0,1,1/1/1934,1,1,0,0,0,0,40.14208925,N,-82.99608586,,NONE,0,"JPMorgan Chase Bank, National Association",JPMORGAN CHASE&CO,13974000,13974000,0,0,6,5132,198,5360,0,0,0,The Chase Manhattan Bank,3/6/2025,3,,OCC,3/31/2026,3/31/2026,1.438906518,1.786740081,1.79,1.44,16.64,16.64,1039502,6/26/2026,0,0,1,International Specialization,OH,NY,0,39041,Ohio,39,0,16,0,0,0,1,www.chase.com,Chase,www.jpmorgan.com,J.P.Morgan,www.jpmorgan.chase.com,JPMorgan Chase,,Chase Private Client,,J.P.Morgan Private Bank,,,,,,,1,10,628,417,www.jpmorganchase.com,43240,JPMorgan Chase Bank,,Chemical Bank New York Trust Company,820,,Chemical Bank,Chemical Bank & Trust Company,Chemical Corn Exchange Bank,,
1,223 N Grand St,,120866,NM,51,1,"Kalamazoo-Portage, MI",,0,,28020,1,"Kalamazoo-Portage, MI",0,28020,5892,12/31/9999,12/31/9999,0,0,STATE,Schoolcraft,,21,N,Kalamazoo,"Kalamazoo-Battle Creek-Portage, MI",1,310,10/24/2022,0,108038,108038,10710,10/9/2022,12/31/9999,12278,1/1/1908,9,Chicago,Chicago,7,0,644141,0,,0,5892,0,DIF,,0,1,1/1/1934,1,1,0,0,0,0,42.11563798,N,-85.63751599,,NONE,0,Kalamazoo County State Bank,,152,152,0,0,,3,0,3,0,0,0,The Kalamazoo County State Bank of Schoolcraft,10/24/2022,3,,FDIC,3/31/2026,3/31/2026,0.505098756,0.611435336,0.61,0.51,4.92,4.92,,6/26/2026,0,0,8,All Other Under 1 Billion,MI,,1,26077,Michigan,26,0,9,0,1,0,0,,,,,,,,,,,,,,,,,0,20,5892,4018,www.kcsbank.com,49087,,,,,,,,,,
1,127 Public Sq,,185983433,N,31,0,"Cleveland-Elyria, OH",,0,,17460,1,"Cleveland-Elyria, OH",0,17460,17534,7/21/2011,12/31/9999,1,14761,OCC,Cleveland,CLEVELAND,3,N,Cuyahoga,"Cleveland-Akron-Canton, OH",1,184,7/24/2023,0,153305440,153305440,0,6/21/2023,12/31/9999,18841264,01/01/1849,9,Chicago,Washington,4,1,280110,1,1,0,17534,0,DIF,,0,1,1/16/1956,1,1,0,0,0,0,41.50094101,N,-81.69400799,,NONE,0,KeyBank National Association,KEYCORP,581466,581466,0,0,6,953,0,954,0,0,0,Society National Bank,7/24/2023,3,,OCC,3/31/2026,3/31/2026,1.265119005,1.602667706,1.6,1.27,12.27,12.27,1068025,6/26/2026,1,0,4,Commercial Lending Specialization,OH,OH,0,39035,Ohio,39,0,16,0,0,0,0,,,,,,,,,,,,,,,,,1,10,17534,11510,www.key.com,44114,Keybank National Association,,Society National Bank of Cleveland,,,,,,,
1,790 Michigan Ave,,481410,NM,41,1,,,,,0,,,,,8172,12/31/9999,12/31/9999,0,0,STATE,Baldwin,BALDWIN,21,N,Lake,,,,10/24/2022,0,409947,409947,11663,10/9/2022,12/31/9999,50114,1/1/1908,9,Chicago,Chicago,7,0,11145,0,,0,8172,0,DIF,,0,1,1/1/1934,1,1,0,0,0,0,43.89490698,N,-85.85126902,,NONE,0,Lake-Osceola State Bank,LAKE FINANCIAL CORP,2095,2095,0,0,,13,0,13,0,0,0,,10/24/2022,3,,FDIC,3/31/2026,3/31/2026,1.769653608,2.072902126,2.07,1.77,16.94,16.94,4764346,6/26/2026,0,0,8,All Other Under 1 Billion,MI,MI,1,26085,Michigan,26,0,9,0,1,0,0,,,,,,,,,,,,,,,,,0,0,8172,5203,www.losb.com,49304,,,,,,,,,,
1,6600 Plaza Dr,,1106725,NM,41,1,"New Orleans-Metairie, LA",,0,,35380,1,"New Orleans-Metairie, LA",0,35380,20856,12/31/9999,12/31/9999,0,0,STATE,New Orleans,NEW ORLEANS,21,N,Orleans,"New Orleans-Metairie-Hammond, LA-MS",1,406,7/29/2024,0,963722,963722,10886,7/29/2024,12/31/9999,123509,11/16/1972,13,Dallas,Dallas,6,0,283438,0,,0,20856,0,DIF,,0,1,11/16/1972,1,1,0,0,0,0,30.03098201,N,-89.98068101,1,Black or African American owned,0,Liberty Bank and Trust Company,LIBERTY FINANCIAL SERVICES INC,2476,2476,0,0,,18,0,18,0,0,0,,7/29/2024,5,,FDIC,3/31/2026,3/31/2026,0.895465036,1.117884663,1.12,0.9,8.06,8.06,1130548,6/26/2026,0,0,4,Commercial Lending Specialization,LA,LA,1,22071,Louisiana,22,0,13,0,0,1,0,,,,,,,,,,,,,,,,,0,0,20856,14407,www.libertybank.net,70127,,,,,,,,,,
1,10753 Macatawa Dr,,3479542,N,41,0,"Grand Rapids-Kentwood, MI",,0,,24340,1,"Grand Rapids-Kentwood, MI",0,24340,34618,12/31/9999,12/31/9999,0,25333,OCC,Holland,ROSEMONT,3,N,Ottawa,"Grand Rapids-Kentwood-Muskegon, MI",1,266,7/30/2025,0,2879981,2879981,16108,6/30/2025,12/31/9999,558174,11/25/1997,9,Chicago,Chicago,7,1,2634351,0,1,0,34618,0,DIF,,0,1,11/25/1997,1,1,0,0,0,0,42.80301664,N,-86.04718361,,NONE,0,"Macatawa Bank, National Association",WINTRUST FINANCIAL CORP,17696,17696,0,0,,28,0,28,0,0,0,Macatawa Bank,7/30/2025,3,,OCC,3/31/2026,3/31/2026,1.981754776,2.651896083,2.65,1.98,12.63,12.63,2260406,6/26/2026,0,0,4,Commercial Lending Specialization,MI,IL,0,26139,Michigan,26,0,9,0,0,1,0,www.macatawabank.com,,,,,,,,,,,,,,,,0,10,34618,60841,www.macatawabank.com,49424,,,,,,,,,,
1,37 E Ohmer Rd,,97390,NM,51,1,,,,,0,,,,,12899,12/31/9999,12/31/9999,0,0,STATE,Mayville,MAYVILLE,21,N,Tuscola,,,,8/31/2022,0,87749,87749,15618,8/31/2022,12/31/9999,9325,04/15/1885,9,Chicago,Chicago,7,0,358448,0,,0,12899,0,DIF,,0,1,1/1/1934,1,1,0,0,0,0,43.34006368,N,-83.35186209,,NONE,0,Mayville State Bank,MAYVILLE FINANCIAL CORP,210,210,0,0,,2,0,2,0,0,0,The Mayville State Bank,8/31/2022,3,,FDIC,3/31/2026,3/31/2026,0.865827638,1.047239144,1.05,0.87,9.07,9.07,2907251,6/26/2026,0,0,8,All Other Under 1 Billion,MI,MI,1,26157,Michigan,26,0,9,1,0,0,0,,,,,,,,,,,,,,,,,0,0,12899,8166,www.mayvillestatebank.com,48744,,,,,,,,,,
1,310 Leonard St Nw,,6356397,NM,41,0,"Grand Rapids-Kentwood, MI",,0,,24340,1,"Grand Rapids-Kentwood, MI",0,24340,34598,12/31/9999,12/31/9999,0,0,STATE,Grand Rapids,GRAND RAPIDS,21,N,Kent,"Grand Rapids-Kentwood-Muskegon, MI",1,266,10/24/2022,0,5038602,5038602,0,10/9/2022,12/31/9999,725831,12/15/1997,9,Chicago,Chicago,7,0,2608754,0,1,0,34598,0,DIF,,0,1,12/15/1997,1,1,0,0,0,0,42.98444701,N,-85.67605598,,NONE,0,Mercantile Bank,MERCANTILE BANK CORP,23824,23824,0,0,,41,0,41,0,0,0,Mercantile Bank of Michigan,10/24/2022,3,,FDIC,3/31/2026,3/31/2026,1.512828106,1.827090459,1.83,1.51,13.13,13.13,2608763,6/26/2026,0,0,4,Commercial Lending Specialization,MI,MI,1,26081,Michigan,26,0,9,0,0,1,0,,,,,,,,,,,,,,,,,0,0,34598,60762,www.mercbank.com,49504,Mercantile Bank of West Michigan,,,,,,,,,
1,3707 W Maple Rd,,256937,NM,51,1,"Detroit-Warren-Dearborn, MI","Warren-Troy-Farmington Hills, MI",1,47664,19820,1,"Detroit-Warren-Dearborn, MI",0,19820,59138,12/31/9999,12/31/9999,0,0,STATE,Bloomfield Township,BLOOMFIELD TOWNSHIP,21,N,Oakland,"Detroit-Warren-Ann Arbor, MI",1,220,8/31/2022,0,232911,232911,0,8/31/2022,12/31/9999,22257,4/15/2019,9,Chicago,Chicago,7,0,5332603,0,,0,59138,0,DIF,,0,1,4/15/2019,1,1,0,0,0,0,42.54492901,N,-83.26419503,,NONE,0,Mi Bank,MI BCORP INC,669,669,0,0,,1,0,1,0,0,0,,8/31/2022,3,,FDIC,3/31/2026,3/31/2026,0.97384874,1.235870823,1.24,0.97,12.2,12.2,5332591,6/26/2026,0,0,4,Commercial Lending Specialization,MI,MI,1,26125,Michigan,26,0,9,0,1,0,0,,,,,,,,,,,,,,,,,0,0,59138,596262,www.mi.bank,48301,,,,,,,,,,
1,111 N Washington St,,15548303,N,41,0,"Green Bay, WI",,0,,24580,1,"Green Bay, WI",0,24580,57038,12/31/9999,12/31/9999,0,24107,OCC,Green Bay,GREEN BAY,3,N,Brown,"Green Bay-Shawano, WI",1,267,4/15/2026,0,13114848,13114848,0,2/13/2026,12/31/9999,2307196,10/31/2000,9,Chicago,Chicago,7,1,2941068,0,,0,57038,0,DIF,,0,1,10/31/2000,1,1,0,0,0,0,44.51517695,N,-88.01600884,,NONE,0,Nicolet National Bank,NICOLET BANKSHARES INC,18932,18932,0,0,4,119,0,119,0,0,0,,4/15/2026,3,,OCC,3/31/2026,3/31/2026,0.612719,0.768423158,0.77,0.61,4.33,4.33,3103603,6/26/2026,1,0,4,Commercial Lending Specialization,WI,WI,0,55009,Wisconsin,55,0,9,0,0,0,0,www.midwestone.bank,,,,,,,,,,,,,,,,1,10,57038,334440,www.nicoletbank.com,54301,,WESTERN DISTRICT,,810,,,,,,
1,501 W Us Highway 2,,193241,N,51,1,"Iron Mountain, MI-WI",,0,,0,0,,1,27020,13784,12/31/9999,12/31/9999,0,6863,OCC,Norway,NORWAY,3,N,Dickinson,"Marinette-Iron Mountain, WI-MI",1,361,5/28/2022,0,176012,176012,11375,8/29/2021,12/31/9999,10879,6/12/1901,9,Chicago,Chicago,9,1,289056,0,,0,13784,0,DIF,,0,1,1/29/1934,1,1,0,0,0,0,45.78977701,N,-87.91951897,,NONE,0,"Northern Interstate Bank, N. A.",NORTHERN INTERSTATE FINL INC,397,397,0,0,4,5,0,5,0,0,0,The First National Bank of Norway,5/28/2022,3,,OCC,3/31/2026,3/31/2026,0.826325868,0.992839897,0.99,0.83,14.4,14.4,1871588,6/26/2026,0,0,8,All Other Under 1 Billion,MI,MI,0,26043,Michigan,26,0,9,0,1,0,0,,,,,,,,,,,,,,,,,0,0,13784,8618,www.banknib.com,49870,,WESTERN DISTRICT,,,,,,,,
1,3333 Deposit Dr Ne,,7395660,NM,41,0,"Grand Rapids-Kentwood, MI",,0,,24340,1,"Grand Rapids-Kentwood, MI",0,24340,34953,12/31/9999,12/31/9999,0,0,STATE,Grand Rapids,GRAND RAPIDS,21,N,Kent,"Grand Rapids-Kentwood-Muskegon, MI",1,266,10/24/2022,0,5023773,5023773,0,10/9/2022,12/31/9999,685615,5/21/1999,9,Chicago,Chicago,7,0,2737980,0,,0,34953,0,DIF,,0,1,5/21/1999,1,1,0,0,0,0,42.97027502,N,-85.589671,,NONE,0,Northpointe Bank,NORTHPOINTE BANCSHARES INC,24174,24174,0,0,,1,0,1,0,0,0,,10/24/2022,3,,FDIC,3/31/2026,3/31/2026,1.341304182,1.781136988,1.78,1.34,14.35,14.35,2737814,6/26/2026,0,0,9,All Other Over 1 Billion,MI,MI,1,26081,Michigan,26,0,9,0,0,1,0,,,,,,,,,,,,,,,,,0,0,34953,62127,www.northpointe.com,49546,,,,,,,,,,
1,833 S Van Dyke Rd,,1134884,SM,51,0,,,,,0,,,,,57097,12/31/9999,12/31/9999,0,0,STATE,Bad Axe,BAD AXE,13,N,Huron,,,,8/31/2022,0,979874,979874,0,8/31/2022,12/31/9999,99336,2/1/2001,9,Chicago,Chicago,7,0,2958972,0,1,0,57097,0,DIF,,0,1,2/1/2001,1,1,0,0,0,0,43.80121101,N,-83.01780303,,NONE,0,Northstar Bank,NORTHSTAR FINANCIAL GROUP INC,3650,3650,0,0,,11,0,11,0,0,0,,8/31/2022,3,,FED,3/31/2026,3/31/2026,1.281641062,1.568869114,1.57,1.28,15.04,15.04,2958990,6/26/2026,0,0,4,Commercial Lending Specialization,MI,MI,1,26063,Michigan,26,0,9,0,0,1,0,,,,,,,,,,,,,,,,,0,0,57097,357498,WWW.NORTHSTARATHOME.COM,48413,,,,,,,,,,
1,1 Main St,,72614322,N,31,0,"Evansville, IN-KY",,0,,21780,1,"Evansville, IN-KY",0,21780,3832,6/30/2014,12/31/9999,1,8846,OCC,Evansville,EVANSVILLE,3,N,Vanderburgh,,0,,6/11/2025,0,56500217,56500217,15401,5/1/2025,12/31/9999,8213684,8/27/1907,9,Chicago,Chicago,8,1,208244,1,,0,3832,0,DIF,,0,1,1/1/1934,1,1,0,0,0,0,37.96935045,N,-87.57532969,,NONE,0,Old National Bank,OLD NATIONAL BCORP,244045,244045,0,0,7,361,0,361,0,0,0,The Peoples National Bank in Lawrenceville,6/11/2025,3,,OCC,3/31/2026,3/31/2026,1.352178169,1.728673728,1.73,1.35,11.96,11.96,1098303,6/26/2026,1,0,4,Commercial Lending Specialization,IN,IN,0,18163,Indiana,18,0,9,0,0,0,0,,,,,,,,,,,,,,,,,1,10,3832,2492,www.oldnational.com,47708,The Peoples National Bank of St. Francisville,,,810,,,,,,
1,60 S Washington St,,902079,SM,51,1,"Detroit-Warren-Dearborn, MI","Warren-Troy-Farmington Hills, MI",1,47664,19820,1,"Detroit-Warren-Dearborn, MI",0,19820,9719,12/31/9999,12/31/9999,0,0,STATE,Oxford,OXFORD,13,N,Oakland,"Detroit-Warren-Ann Arbor, MI",1,220,8/31/2022,0,752796,752796,12402,8/31/2022,12/31/9999,112670,06/04/1884,9,Chicago,Chicago,7,0,448040,0,,0,9719,0,DIF,,0,1,1/1/1934,1,1,0,0,0,0,42.82334399,N,-83.26330101,,NONE,0,Oxford Bank,OXFORD BANK CORP,1636,1636,0,0,,9,0,9,0,0,0,Oxford Savings Bank,8/31/2022,3,,FED,3/31/2026,3/31/2026,0.657342594,0.90284157,0.9,0.66,5.83,5.83,1249383,6/26/2026,0,0,4,Commercial Lending Specialization,MI,MI,1,26125,Michigan,26,0,9,0,1,0,0,,,,,,,,,,,,,,,,,0,0,9719,6216,www.oxfordbank.com,48371,,,,,,,,,,
1,100 E Superior St,,188147,NM,51,1,,,,,0,,,,,15165,12/31/9999,12/31/9999,0,0,STATE,Munising,MUNISING,21,N,Alger,,,,8/31/2022,0,143261,143261,14659,8/31/2022,12/31/9999,22504,6/7/1910,9,Chicago,Chicago,9,0,262956,0,,0,15165,0,DIF,,0,1,5/29/1935,1,1,0,0,0,0,46.40977201,N,-86.65594296,,NONE,0,Peoples State Bank of Munising,PEOPLES STATE BCORP INC,196,196,0,0,,5,0,5,0,0,0,,8/31/2022,3,,FDIC,3/31/2026,3/31/2026,0.423292993,0.477284446,0.48,0.42,3.49,3.49,3072017,6/26/2026,0,0,4,Commercial Lending Specialization,MI,MI,1,26003,Michigan,26,0,9,0,1,0,0,,,,,,,,,,,,,,,,,0,0,15165,9532,www.psbup.com,49862,,,,,,,,,,
1,222 Delaware Ave,,567948516,N,31,0,"Philadelphia-Camden-Wilmington, PA-NJ-DE-MD","Wilmington, DE-MD-NJ",1,48864,37980,1,"Philadelphia-Camden-Wilmington, PA-NJ-DE-MD",0,37980,6384,7/21/2011,12/31/9999,1,1316,OCC,Wilmington,PITTSBURGH,3,N,New Castle,"Philadelphia-Reading-Camden, PA-NJ-DE-MD",1,428,8/31/2022,0,441507226,440749654,0,8/31/2022,12/31/9999,59440316,01/01/1804,2,New York,Washington,3,1,817824,1,1,0,6384,0,DIF,,0,1,1/1/1934,1,1,0,0,0,0,39.74600501,N,-75.54997699,,NONE,0,"PNC Bank, National Association",PNC FINL SERVICES GROUP INC,1870675,1870675,0,0,6,2326,1,2319,0,0,0,Midlantic National Bank,8/31/2022,1,,OCC,3/31/2026,3/31/2026,1.317044394,1.628237692,1.63,1.32,12.59,12.59,1069778,6/26/2026,0,0,4,Commercial Lending Specialization,DE,PA,0,10003,Delaware,10,0,16,0,0,0,1,www.offers.pnc.com,,,,,,,,,,,,,,,,1,10,6384,4287,www.pnc.com,19801,"Midlantic Bank, National Association",,The National Newark and Essex Banking Company of Newark,,,National Newark & Essex Bank,,,,
1,100 N Front St,,619781,NM,51,1,"Marquette, MI",,0,,0,0,,1,32100,5072,12/31/9999,12/31/9999,0,0,STATE,Marquette,MARQUETTE,21,N,Marquette,,0,,8/31/2022,0,538792,538792,14270,8/31/2022,12/31/9999,63812,06/04/1887,9,Chicago,Chicago,9,0,355559,0,,0,5072,0,DIF,,0,1,1/1/1934,1,1,0,0,0,0,46.54325337,N,-87.39279041,,NONE,0,Range Bank,RANGE FINANCIAL CORP,2045,2045,0,0,3,9,0,9,0,0,0,The First National Bank of Negaunee,8/31/2022,3,,FDIC,3/31/2026,3/31/2026,1.326355643,1.726532383,1.73,1.33,12.94,12.94,1139868,6/26/2026,0,0,4,Commercial Lending Specialization,MI,MI,1,26103,Michigan,26,0,9,0,1,0,0,,,,,,,,,,,,,,,,,1,10,5072,3387,www.rangebank.com,49855,"Range Bank, National Association",CENTRAL DISTRICT,,,,,,,,
1,3016 W Sidney Rd,,143225,NM,51,1,"Grand Rapids-Kentwood, MI",,0,,24340,1,"Grand Rapids-Kentwood, MI",0,24340,17232,12/31/9999,12/31/9999,0,0,STATE,Sidney,SIDNEY,21,N,Montcalm,"Grand Rapids-Kentwood-Muskegon, MI",1,266,10/24/2022,0,127886,127886,13603,10/9/2022,12/31/9999,13233,10/10/1921,9,Chicago,Chicago,7,0,648345,0,,0,17232,0,DIF,,0,1,6/15/1953,1,1,0,0,0,0,43.25019899,N,-85.133515,,NONE,0,Sidney State Bank,SIDNEY BCORP,687,687,0,0,,3,0,3,0,0,0,,10/24/2022,3,,FDIC,3/31/2026,3/31/2026,1.936090689,2.44618154,2.45,1.94,20.73,20.73,3621497,6/26/2026,0,0,5,Mortgage Lending Specialization,MI,MI,1,26117,Michigan,26,0,9,0,1,0,0,,,,,,,,,,,,,,,,,0,0,17232,11259,www.sidneybank.com,48885,,,,,,,,,,
1,45 W Pearl St,,1704832,NM,41,1,"Coldwater, MI",,0,,0,0,,1,17740,5019,12/31/9999,12/31/9999,0,0,STATE,Coldwater,COLDWATER,21,N,Branch,"Kalamazoo-Battle Creek-Portage, MI",1,310,10/24/2022,0,1436463,1436463,9655,10/9/2022,12/31/9999,151693,01/16/1872,9,Chicago,Chicago,7,0,822042,0,,0,5019,0,DIF,,0,1,1/1/1934,1,1,0,0,0,0,41.93952449,N,-85.00258792,,NONE,0,Southern Michigan Bank & Trust,SOUTHERN MICHIGAN BCORP INC,3607,3607,0,0,,21,0,21,0,0,0,Southern Michigan National Bank,10/24/2022,3,,FDIC,3/31/2026,3/31/2026,0.84989874,1.023318611,1.02,0.85,9.57,9.57,1207824,6/26/2026,0,0,4,Commercial Lending Specialization,MI,MI,1,26023,Michigan,26,0,9,0,0,1,0,,,,,,,,,,,,,,,,,1,10,5019,3348,www.smb-t.com,49036,The Southern Michigan National Bank of Coldwater,,,,,,,,,
1,703 Main St,,404574,NM,51,1,"Traverse City, MI",,0,,0,0,,1,45900,8162,12/31/9999,12/31/9999,0,0,STATE,Frankfort,TRAVERSE CITY,21,N,Benzie,,0,,10/24/2022,0,365018,365018,11909,10/9/2022,12/31/9999,37194,1/1/1901,9,Chicago,Chicago,7,0,22543,0,,0,8162,0,DIF,,0,1,1/1/1934,1,1,0,0,0,0,44.632729,N,-86.23392696,,NONE,0,State Savings Bank,CENTRAL-STATE BCORP INC,468,468,0,0,,9,0,9,0,0,0,,10/24/2022,3,,FDIC,3/31/2026,3/31/2026,0.4578366,0.596752833,0.6,0.46,5.06,5.06,1245666,6/26/2026,0,0,4,Commercial Lending Specialization,MI,MI,1,26019,Michigan,26,0,9,0,1,0,0,,,,,,,,,,,,,,,,,0,0,8162,5199,www.ssbankmi.com,49635,,,,,,,,,,
1,113 E Chicago Rd,,1014059,NM,51,1,"Sturgis, MI",,0,,0,0,,1,44780,28593,12/31/9999,12/31/9999,0,0,STATE,Sturgis,STURGIS,21,N,St. Joseph,"Kalamazoo-Battle Creek-Portage, MI",1,310,10/24/2022,0,908429,908429,1910,10/9/2022,12/31/9999,78844,1/1/1905,9,Chicago,Chicago,7,0,366078,0,,0,28593,0,DIF,,0,1,8/9/1989,1,1,0,0,0,0,41.79907802,N,-85.41805002,,NONE,0,Sturgis Bank & Trust Company,STURGIS BCORP INC,2268,2268,0,0,,17,0,17,0,0,0,Sturgis Federal Savings Bank,10/24/2022,3,,FDIC,3/31/2026,3/31/2026,0.901794643,1.124459987,1.12,0.9,11.61,11.61,3051571,6/26/2026,0,0,4,Commercial Lending Specialization,MI,MI,1,26149,Michigan,26,0,9,0,0,1,0,www.sturgisbank.com,,,,,,,,,,,,,,,,1,10,28593,41427,www.sturgis.bank,49091,"Sturgis Bank & Trust company, FSB",,Sturgis Savings and Loan Association,,,"Sturgis Bank & Trust Company, FSB",,,,
1,235 Quincy St,,1052628,N,51,1,"Houghton, MI",,0,,0,0,,1,26340,5058,12/31/9999,12/31/9999,0,9087,OCC,Hancock,HANCOCK,3,N,Houghton,,0,,8/31/2022,0,886579,886579,14240,8/31/2022,12/31/9999,116801,03/06/1890,9,Chicago,Chicago,9,1,245557,0,,0,5058,0,DIF,,0,1,1/1/1934,1,1,0,0,0,0,47.126981,N,-88.58272097,,NONE,0,Superior National Bank,KEWEENAW FINANCIAL CORP,2814,2814,0,0,4,10,0,10,0,0,0,Superior National Bank & Trust Company,8/31/2022,3,,OCC,3/31/2026,3/31/2026,1.07843311,1.335202898,1.34,1.08,9.61,9.61,1495854,6/26/2026,0,0,4,Commercial Lending Specialization,MI,MI,0,26061,Michigan,26,0,9,0,0,1,0,,,,,,,,,,,,,,,,,1,10,5058,3377,www.snb-t.com,49930,The Superior National Bank and Trust Company of Hancock,WESTERN DISTRICT,,,,,,,,
1,368 S Park St,,1368016,NM,41,1,"Lansing-East Lansing, MI",,0,,29620,1,"Lansing-East Lansing, MI",0,29620,5033,12/31/9999,12/31/9999,0,0,STATE,Mason,MASON,21,N,Ingham,,0,,8/31/2022,0,1057843,1057843,11837,8/31/2022,12/31/9999,116376,5/1/1925,9,Chicago,Chicago,7,0,47247,0,,0,5033,0,DIF,,0,1,1/1/1934,1,1,0,0,0,0,42.57970599,N,-84.44519798,,NONE,0,The Dart Bank,DART FINANCIAL CORP,3661,3661,0,0,,4,0,4,0,0,0,The Dart National Bank of Mason,8/31/2022,3,,FDIC,3/31/2026,3/31/2026,1.045734085,1.302811571,1.3,1.05,12.63,12.63,3726196,6/26/2026,0,0,4,Commercial Lending Specialization,MI,MI,1,26065,Michigan,26,0,9,0,0,1,0,,,,,,,,,,,,,,,,,0,0,5033,3359,www.dart.bank,48854,,,,,,,,,,
1,307 N Defiance St,,3479335,NM,41,0,"Toledo, OH",,0,,45780,1,"Toledo, OH",0,45780,5969,12/31/9999,12/31/9999,0,0,STATE,Archbold,ARCHBOLD,21,N,Fulton,"Toledo-Findlay-Tiffin, OH",1,534,10/20/2022,0,2815802,2815802,9553,10/1/2022,12/31/9999,394985,04/01/1897,9,Chicago,Chicago,4,0,214414,0,,0,5969,0,DIF,,0,1,1/1/1934,1,1,0,0,0,0,41.523208,N,-84.30668501,,NONE,0,The Farmers & Merchants State Bank,FARMERS&MERCHANTS BCORP INC,9968,9968,0,0,,41,0,41,0,0,0,,10/20/2022,3,,FDIC,3/31/2026,3/31/2026,1.154769259,1.486788591,1.49,1.15,10.12,10.12,1134630,6/26/2026,0,0,4,Commercial Lending Specialization,OH,OH,1,39051,Ohio,39,0,9,0,0,1,0,,,,,,,,,,,,,,,,,0,30,5969,4050,www.fm.bank,43502,,,,810,,,,,,
1,132 N State St,,334449,N,51,1,,,,,0,,,,,5074,12/31/9999,12/31/9999,0,3886,OCC,St. Ignace,SAINT IGNACE,3,N,Mackinac,,,,10/24/2022,0,315028,315028,11319,10/9/2022,12/31/9999,17764,05/17/1888,9,Chicago,Chicago,9,1,381950,0,,0,5074,0,DIF,,0,1,1/1/1934,1,1,0,0,0,0,45.867814,N,-84.72459899,,NONE,0,The First National Bank of St. Ignace,MACKINAC NATIONAL BCORP INC,538,538,0,0,1,7,0,7,0,0,0,,10/24/2022,3,,OCC,3/31/2026,3/31/2026,0.634670654,0.788029734,0.79,0.63,12.02,12.02,5140929,6/26/2026,0,0,7,Other Specialized Under 1 Billion,MI,MI,0,26097,Michigan,26,0,9,0,1,0,0,,,,,,,,,,,,,,,,,0,0,5074,3388,www.fnbsi.com,49781,,NORTHEAST DISTRICT,,,,,,,,
1,401 Sunday Lake St,,53275,N,51,1,,,,,0,,,,,5076,12/31/9999,12/31/9999,0,11305,OCC,Wakefield,WAKEFIELD,3,N,Gogebic,,,,8/31/2022,0,48352,48352,11326,8/31/2022,12/31/9999,4810,1/1/1910,9,Chicago,Chicago,9,1,292850,0,,0,5076,0,DIF,,0,1,1/1/1934,1,1,0,0,0,0,46.474521,N,-89.94139998,,NONE,0,The First National Bank of Wakefield,WAKEFIELD BCORP INC,82,82,0,0,4,2,0,2,0,0,0,,8/31/2022,3,,OCC,3/31/2026,3/31/2026,0.617307186,0.730229232,0.73,0.62,6.79,6.79,1128321,6/26/2026,0,0,7,Other Specialized Under 1 Billion,MI,MI,0,26053,Michigan,26,0,9,1,0,0,0,,,,,,,,,,,,,,,,,0,0,5076,3390,http://www.fnbwakefieldmi.com/,49968,,WESTERN DISTRICT,,,,,,,,
1,17 S High St,,284135374,N,31,0,"Columbus, OH",,0,,18140,1,"Columbus, OH",0,18140,6560,7/21/2011,12/31/9999,1,7745,OCC,Columbus,COLUMBUS,3,N,Franklin,"Columbus-Marion-Zanesville, OH",1,198,2/25/2026,0,227513232,227513232,0,2/1/2026,12/31/9999,33143721,01/06/1866,9,Chicago,Washington,4,1,12311,1,,0,6560,0,DIF,,0,1,1/1/1934,1,1,0,0,0,0,39.96170512,N,-83.00078542,,NONE,0,The Huntington National Bank,HUNTINGTON BANCSHARES INC,629840,629840,0,0,6,1472,2,1623,0,0,0,The Huntington National Bank of Columbus,2/25/2026,3,,OCC,3/31/2026,3/31/2026,0.9915176,1.211015077,1.21,0.99,8.77,8.77,1068191,6/26/2026,0,0,4,Commercial Lending Specialization,OH,OH,0,39049,Ohio,39,0,16,0,0,0,1,apply.huntington.com,,,,,,,,,,,,,,,,1,10,6560,4390,www.huntington.com,43215,,,,810,,,,,,
1,312 W Genesee St,,141345,NM,51,1,,,,,0,,,,,10928,12/31/9999,12/31/9999,0,0,STATE,Iron River,IRON RIVER,21,N,Iron,,,,8/31/2022,0,124250,124250,9864,8/31/2022,12/31/9999,15394,1/1/1932,9,Chicago,Chicago,9,0,255350,0,,0,10928,0,DIF,,0,1,1/1/1934,1,1,0,0,0,0,46.09162799,N,-88.64165203,,NONE,0,The Miners State Bank,MSB BANKSHARES INC,423,423,0,0,,6,0,6,0,0,0,The Miners' State Bank of Iron River,8/31/2022,3,,FDIC,3/31/2026,3/31/2026,1.197787067,1.214776955,1.21,1.2,11,11,2962344,6/26/2026,0,0,4,Commercial Lending Specialization,MI,MI,1,26071,Michigan,26,0,9,0,1,0,0,,,,,,,,,,,,,,,,,0,0,10928,6999,www.theminersstatebank.com,49935,,,,,,,,,,
1,50 S La Salle St,,173842608,SM,31,0,"Chicago-Naperville-Elgin, IL-IN-WI","Chicago-Naperville-Evanston, IL",1,16984,16980,1,"Chicago-Naperville-Elgin, IL-IN-WI",0,16980,913,7/21/2011,12/31/9999,1,0,STATE,Chicago,CHICAGO,13,N,Cook,"Chicago-Naperville, IL-IN-WI",1,176,8/31/2022,0,142285087,52755403,14033,8/31/2022,12/31/9999,11546963,01/01/1889,9,Chicago,Washington,7,0,210434,1,1,0,913,0,DIF,,0,1,1/1/1934,1,1,0,0,0,0,41.881027,N,-87.63272897,,NONE,0,The Northern Trust Company,NORTHERN TRUST CORP,509573,509573,0,0,,65,2,67,0,0,0,,8/31/2022,3,,FED,3/31/2026,3/31/2026,1.163943715,1.591078415,1.59,1.16,17.76,17.76,1199611,6/26/2026,1,0,1,International Specialization,IL,IL,1,17031,Illinois,17,0,16,0,0,0,0,,,,,,,,,,,,,,,,,1,10,913,589,www.northerntrust.com,60603,,,,,,,,,,
1,62 E State St,,68351,NM,51,1,,,,,0,,,,,14999,12/31/9999,12/31/9999,0,0,STATE,Port Austin,,21,N,Huron,,,,8/31/2022,0,55381,55381,16104,8/31/2022,12/31/9999,12338,01/01/1884,9,Chicago,Chicago,7,0,779641,0,,0,14999,0,DIF,,0,1,1/22/1935,1,1,0,0,0,0,44.04453598,N,-82.99252103,,NONE,0,The Port Austin State Bank,,294,294,0,0,,1,0,1,0,0,0,,8/31/2022,3,,FDIC,3/31/2026,3/31/2026,1.752020559,1.752020559,1.75,1.75,9.58,9.58,,6/26/2026,0,0,8,All Other Under 1 Billion,MI,,1,26063,Michigan,26,1,9,1,0,0,0,,,,,,,,,,,,,,,,,0,0,14999,9401,www.portaustinbank.com,48467,,,,,,,,,,
1,242 N Michigan Ave,,391544,NM,41,1,,,,,0,,,,,10157,12/31/9999,12/31/9999,0,0,STATE,Shelby,SHELBY,21,N,Oceana,,,,10/24/2022,0,346438,346438,11363,10/9/2022,12/31/9999,31535,3/2/1910,9,Chicago,Chicago,7,0,961343,0,,0,10157,0,DIF,,0,1,1/1/1934,1,1,0,0,0,0,43.61264454,N,-86.36387988,,NONE,0,The Shelby State Bank,SHELBY FINANCIAL CORP,780,780,0,0,,10,0,10,0,0,0,The State Bank of Hesperia,10/24/2022,3,,FDIC,3/31/2026,3/31/2026,0.802757162,0.984921287,0.98,0.8,9.88,9.88,1493001,6/26/2026,0,0,4,Commercial Lending Specialization,MI,MI,1,26127,Michigan,26,0,9,0,1,0,0,,,,,,,,,,,,,,,,,0,0,10157,6499,www.shelbybank.com,49455,,,,,,,,,,
1,101 S Cedar St,,182771,SM,51,1,,,,,0,,,,,13249,12/31/9999,12/31/9999,0,0,STATE,Manistique,MANISTIQUE,13,N,Schoolcraft,,,,8/31/2022,0,159222,159222,13742,8/31/2022,12/31/9999,13867,7/7/1917,9,Chicago,Chicago,9,0,259956,0,,0,13249,0,DIF,,0,1,1/1/1934,1,1,0,0,0,0,45.95780144,N,-86.24642944,,NONE,0,The State Savings Bank of Manistique,SSB INC,301,301,0,0,,3,0,3,0,0,0,,8/31/2022,3,,FED,3/31/2026,3/31/2026,0.66099913,0.709311359,0.71,0.66,8.64,8.64,1137686,6/26/2026,0,0,4,Commercial Lending Specialization,MI,MI,1,26153,Michigan,26,0,9,0,1,0,0,,,,,,,,,,,,,,,,,0,0,13249,8382,www.statesavingsbank.com,49854,,,,,,,,,,
1,1818 Hall Ave,,684088,N,51,1,"Marinette, WI-MI",,0,,0,0,,1,31940,5306,12/31/9999,12/31/9999,0,4137,OCC,Marinette,MARINETTE,3,N,Marinette,"Marinette-Iron Mountain, WI-MI",1,361,8/31/2022,0,595960,595960,13399,8/31/2022,12/31/9999,60745,10/30/1874,9,Chicago,Chicago,7,1,598048,0,,0,5306,0,DIF,,0,1,1/1/1934,1,1,0,0,0,0,45.09987961,N,-87.63162204,,NONE,0,The Stephenson National Bank and Trust,STEPHENSON NATIONAL BCORP INC,2761,2761,0,0,4,7,0,7,0,0,0,The Stephenson National Bank of Marinette,8/31/2022,3,,OCC,3/31/2026,3/31/2026,1.603521824,1.603521824,1.6,1.6,18.16,18.16,1245509,6/26/2026,0,0,4,Commercial Lending Specialization,WI,WI,0,55075,Wisconsin,55,1,9,0,1,0,0,,,,,,,,,,,,,,,,,1,10,5306,3571,http://www.snbt.com,54143,,WESTERN DISTRICT,,,,,,,,
1,7254 Michigan Ave,,691980,SM,51,1,,,,,0,,,,,14513,12/31/9999,12/31/9999,0,0,STATE,Pigeon,PIGEON,13,N,Huron,,,,12/9/2024,0,624014,624014,13140,11/16/2024,12/31/9999,64250,01/01/1895,9,Chicago,Chicago,7,0,698649,0,,0,14513,0,DIF,,0,1,6/14/1934,1,1,0,0,1,0,43.830223,N,-83.27052697,,NONE,0,Thumb Bank and Trust,THUMB BCORP EMPLOYEE STK OWNERSHIP PLAN,2790,2790,0,0,3,14,0,14,0,0,0,Thumb National Bank and Trust Company,12/9/2024,3,,FED,3/31/2026,3/31/2026,1.632281735,1.957567988,1.96,1.63,17.25,17.25,2972530,6/26/2026,0,0,2,Agricultural Specialization,MI,MI,1,26063,Michigan,26,0,9,0,1,0,0,,,,,,,,,,,,,,,,,1,10,14513,9068,WWW.THUMB.BANK,48755,,CENTRAL DISTRICT,,810,,,,,,
1,4190 Main St,,638709,SM,41,1,,,,,0,,,,,977,12/31/9999,12/31/9999,0,0,STATE,Brown City,BROWN CITY,13,N,Sanilac,,,,8/31/2022,0,548701,548701,14326,8/31/2022,12/31/9999,78879,05/29/1889,9,Chicago,Chicago,7,0,695349,0,,0,977,0,DIF,,0,1,1/1/1934,1,1,0,0,0,0,43.21244501,N,-82.987382,,NONE,0,Tri-County Bank,TRI-COUNTY BCORP INC,3525,3525,0,0,,12,0,12,0,0,0,Brown City Savings Bank,8/31/2022,3,,FED,3/31/2026,3/31/2026,2.268339768,2.848133848,2.85,2.27,18.18,18.18,1969506,6/26/2026,0,0,4,Commercial Lending Specialization,MI,MI,1,26151,Michigan,26,0,9,0,1,0,0,,,,,,,,,,,,,,,,,0,0,977,643,www.tri-countybank.bank,48416,,,,,,,,,,
1,670 Cascade West Pkwy Se,,381118,NM,51,1,"Grand Rapids-Kentwood, MI",,0,,24340,1,"Grand Rapids-Kentwood, MI",0,24340,14722,12/31/9999,12/31/9999,0,0,STATE,Grand Rapids,GRAND RAPIDS,21,N,Kent,"Grand Rapids-Kentwood-Muskegon, MI",1,266,10/24/2022,0,304424,304424,14358,10/9/2022,12/31/9999,32085,1/1/1934,9,Chicago,Chicago,7,0,390840,0,,0,14722,0,DIF,,0,1,9/4/1934,1,1,0,0,0,0,42.95050395,N,-85.56966526,,NONE,0,Union Bank,UNION FINANCIAL CORP,225,225,0,0,,9,0,9,0,0,0,,10/24/2022,3,,FDIC,3/31/2026,3/31/2026,0.233254588,0.284052254,0.28,0.23,2.81,2.81,1250204,6/26/2026,0,0,4,Commercial Lending Specialization,MI,MI,1,26081,Michigan,26,0,9,0,1,0,0,,,,,,,,,,,,,,,,,0,0,14722,9210,www.ubmich.com,49546,,,,,,,,,,
1,900 East Paris Ave Se,,1091126,NM,51,1,"Grand Rapids-Kentwood, MI",,0,,24340,1,"Grand Rapids-Kentwood, MI",0,24340,11807,12/31/9999,12/31/9999,0,0,STATE,Grand Rapids,GRAND RAPIDS,21,N,Kent,"Grand Rapids-Kentwood-Muskegon, MI",1,266,10/24/2022,0,934376,934376,13019,10/9/2022,12/31/9999,108172,1/1/1903,9,Chicago,Chicago,7,0,150044,0,,0,11807,0,DIF,,0,1,1/2/1934,1,1,0,0,0,0,42.947146,N,-85.57003304,,NONE,0,United Bank of Michigan,UNITED BANK FINANCIAL CORP,3126,3126,0,0,,13,0,13,0,0,0,United Community Bank,10/24/2022,3,,FDIC,3/31/2026,3/31/2026,1.152579962,1.424686172,1.42,1.15,11.66,11.66,1207392,6/26/2026,0,0,4,Commercial Lending Specialization,MI,MI,1,26081,Michigan,26,0,9,0,0,1,0,,,,,,,,,,,,,,,,,0,0,11807,7552,http://www.unitedbank4u.com,49546,Wayland State Bank,,,,,,,,,
1,2015 Washtenaw Ave,,1142099,NM,41,1,"Ann Arbor, MI",,0,,11460,1,"Ann Arbor, MI",0,11460,14587,12/31/9999,12/31/9999,0,0,STATE,Ann Arbor,ANN ARBOR,21,N,Washtenaw,"Detroit-Warren-Ann Arbor, MI",1,220,8/31/2022,0,968102,968102,9279,8/31/2022,12/31/9999,109296,5/8/1908,9,Chicago,Chicago,7,0,137652,0,,0,14587,0,DIF,,0,1,7/23/1934,1,1,0,0,0,0,42.26694198,N,-83.71913104,,NONE,0,University Bank,UNIVERSITY BCORP INC,1937,1937,0,0,,2,0,2,0,0,0,The Newberry State Bank,8/31/2022,3,,FDIC,3/31/2026,3/31/2026,0.687989487,0.890798984,0.89,0.69,7.11,7.11,1496253,6/26/2026,0,0,5,Mortgage Lending Specialization,MI,MI,1,26161,Michigan,26,0,9,0,0,1,0,,,,,,,,,,,,,,,,,0,0,14587,9119,www.university-bank.com,48104,,,,,,,,,,
1,430 N Lincoln Rd,,370983,NM,41,1,"Escanaba, MI",,0,,0,0,,1,21540,1090,12/31/9999,12/31/9999,0,0,STATE,Escanaba,ESCANABA,21,N,Delta,,0,,8/31/2022,0,298477,298477,0,8/31/2022,12/31/9999,47681,1/1/1902,9,Chicago,Chicago,9,0,236957,0,,0,1090,0,DIF,,0,1,1/1/1934,1,1,0,0,0,0,45.74964449,N,-87.07964761,,NONE,0,Upper Peninsula State Bank,S B E CORP,1175,1175,0,0,,5,0,5,0,0,0,State Bank of Escanaba,8/31/2022,3,,FDIC,3/31/2026,3/31/2026,1.283364052,1.612123694,1.61,1.28,9.96,9.96,1129159,6/26/2026,0,0,4,Commercial Lending Specialization,MI,MI,1,26041,Michigan,26,0,9,0,1,0,0,,,,,,,,,,,,,,,,,0,0,1090,735,http://www.upstatebank.net,49829,,,,,,,,,,
1,3900 N Mccord Rd,,1717591,N,51,1,"Toledo, OH",,0,,45780,1,"Toledo, OH",0,45780,58433,12/31/9999,12/31/9999,0,24685,OCC,Toledo,TOLEDO,3,N,Lucas,"Toledo-Findlay-Tiffin, OH",1,534,8/31/2022,0,1497479,1497479,0,8/31/2022,12/31/9999,175487,8/29/2007,9,Chicago,Chicago,4,1,3588424,0,,0,58433,0,DIF,,0,1,8/29/2007,1,1,0,0,0,0,41.68884501,N,-83.70261198,,NONE,0,"Waterford Bank, N.A.",WATERFORD BCORP INC,5308,5308,0,0,1,4,0,4,0,0,0,,8/31/2022,3,,OCC,3/31/2026,3/31/2026,1.240022135,1.553064648,1.55,1.24,12.21,12.21,3588415,6/26/2026,0,0,4,Commercial Lending Specialization,OH,OH,0,39095,Ohio,39,0,9,0,0,1,0,ipabcprod.fiservsco.com/WebCapture/Web/,,,,,,,,,,,,,,,,0,0,58433,451642,www.waterfordbankna.com,43617,,NORTHEAST DISTRICT,,,,,,,,
1,3201 N 4th Ave,,1852239000,N,31,0,"Sioux Falls, SD",,0,,43620,1,"Sioux Falls, SD",0,43620,3511,7/21/2011,12/31/9999,1,1,OCC,Sioux Falls,SAN FRANCISCO,3,N,Minnehaha,,0,,3/25/2026,0,1516982000,1510143000,0,10/31/2025,12/31/9999,173016000,01/01/1870,11,Kansas City,Washington,9,1,451965,1,1,0,3511,0,DIF,,0,1,1/1/1934,1,1,0,0,0,0,43.5808444,N,-96.72291696,,NONE,0,"Wells Fargo Bank, National Association",WELLS FARGO&COMPANY,5961000,5961000,0,0,6,4176,27,4190,0,0,0,Crocker National Bank,3/25/2026,4,,OCC,3/31/2026,3/31/2026,1.297656664,1.553226019,1.55,1.3,13.75,13.75,1120754,6/26/2026,0,0,9,All Other Over 1 Billion,SD,CA,0,46099,South Dakota,46,0,16,0,0,0,1,www.wellsfargoadvisors.com,,www.wf.com,,,,,,,,,,,,,,1,10,3511,2239,www.wellsfargo.com,57104,Crocker-Citizens National Bank,,Crocker-Anglo National Bank,820,,"WELLS FARGO BANK, NATIONAL ASSOCIATION",Crocker First National Bank of San Francisco,,,
1,1 Bank Plz,,27420438,NM,41,0,"Wheeling, WV-OH",,0,,48540,1,"Wheeling, WV-OH",0,48540,803,6/30/2018,12/31/9999,1,0,STATE,Wheeling,WHEELING,21,N,Ohio,,0,,3/14/2025,0,21839759,21839759,0,2/28/2025,12/31/9999,4189598,01/20/1870,5,Atlanta,Atlanta,4,0,645625,0,,0,803,0,DIF,,0,1,1/1/1934,1,1,0,0,0,0,40.06573623,N,-80.72297867,,NONE,0,"WesBanco Bank, Inc.",WESBANCO INC,94008,94008,0,0,,254,0,227,0,0,0,Wheeling Dollar Bank,3/14/2025,2,,FDIC,3/31/2026,3/31/2026,1.36638877,1.720427763,1.72,1.37,9.01,9.01,1070448,6/26/2026,1,0,4,Commercial Lending Specialization,WV,WV,1,54069,West Virginia,54,0,5,0,0,0,0,,,,,,,,,,,,,,,,,1,10,803,508,www.wesbanco.com,26003,Wesbanco Bank Wheeling,,"Wesbanco Bank, Inc.",810,,Wheeling Dollar Savings & Trust Co.,,,,
1,3467 Kelly St,,1196482,SM,51,0,"Grand Rapids-Kentwood, MI",,0,,24340,1,"Grand Rapids-Kentwood, MI",0,24340,22308,12/31/9999,12/31/9999,0,0,STATE,Hudsonville,BAD AXE,13,N,Ottawa,"Grand Rapids-Kentwood-Muskegon, MI",1,266,10/24/2022,0,1053931,1053931,9915,10/9/2022,12/31/9999,103036,7/21/1976,9,Chicago,Chicago,7,0,715340,0,1,0,22308,0,DIF,,0,1,7/21/1976,1,1,0,0,0,0,42.865419,N,-85.86747904,,NONE,0,West Michigan Community Bank,NORTHSTAR FINANCIAL GROUP INC,4090,4090,0,0,,8,0,8,0,0,0,Bank of Hudsonville,10/24/2022,3,,FED,3/31/2026,3/31/2026,1.373332914,1.707096463,1.71,1.37,16.28,16.28,2958990,6/26/2026,0,0,4,Commercial Lending Specialization,MI,MI,1,26139,Michigan,26,0,9,0,0,1,0,,,,,,,,,,,,,,,,,1,10,22308,15517,www.wmcb.bank,49426,,,,,,,,,,
1,201 W Loomis St,,828074,NM,41,1,"Ludington, MI",,0,,0,0,,1,31220,14929,12/31/9999,12/31/9999,0,0,STATE,Ludington,LUDINGTON,21,N,Mason,,0,,10/24/2022,0,696635,696635,11332,10/9/2022,12/31/9999,76630,07/25/1898,9,Chicago,Chicago,7,0,832546,0,,0,14929,0,DIF,,0,1,10/6/1934,1,1,0,0,0,0,43.95414902,N,-86.44962199,,NONE,0,West Shore Bank,WEST SHORE BANK CORP,1813,1813,0,0,,9,0,9,0,0,0,State Savings Bank of Scottville,10/24/2022,3,,FDIC,3/31/2026,3/31/2026,0.879936905,1.061942608,1.06,0.88,9.58,9.58,1206667,6/26/2026,0,0,4,Commercial Lending Specialization,MI,MI,1,26105,Michigan,26,0,9,0,1,0,0,,,,,,,,,,,,,,,,,1,10,14929,9351,www.westshorebank.com,49431,,,,,,,,,,
1,1100 N Market St,,759503,N,41,0,"Philadelphia-Camden-Wilmington, PA-NJ-DE-MD","Wilmington, DE-MD-NJ",1,48864,37980,1,"Philadelphia-Camden-Wilmington, PA-NJ-DE-MD",0,37980,34069,7/21/2011,12/31/9999,1,22859,OCC,Wilmington,BUFFALO,3,N,New Castle,"Philadelphia-Reading-Camden, PA-NJ-DE-MD",1,428,8/31/2022,0,4991,4991,0,8/31/2022,12/31/9999,673101,10/2/1995,2,New York,Washington,3,1,2265456,0,1,0,34069,0,DIF,,0,1,10/2/1995,1,1,0,0,0,0,39.74673202,N,-75.54643203,,NONE,0,"Wilmington Trust, National Association",M&T BANK CORP,302,302,0,0,7,43,0,40,0,0,0,"M&T Bank, National Association",8/31/2022,1,,OCC,3/31/2026,3/31/2026,0.157671268,0.221888374,0.22,0.16,0.18,0.18,1037003,6/26/2026,0,0,7,Other Specialized Under 1 Billion,DE,NY,0,10003,Delaware,10,0,16,0,1,0,0,,,,,,,,,,,,,,,,,1,10,34069,56206,http://www.wilmingtontrust.com,19801,,,,,,,,,,
